Date,Avg_Temperature_C,Avg_Humidity_%,Avg_Wind_Speed_m/s
2009-01-01,-6.81,91.09,0.78
2009-01-02,-3.73,92.09,1.42
2009-01-03,-5.27,76.46,1.25
2009-01-04,-1.38,89.42,1.72
2009-01-05,-4.87,86.26,3.8
2009-01-06,-15.48,83.77,1.23
2009-01-07,-15.73,85.66,0.72
2009-01-08,-9.61,87.58,0.87
2009-01-09,-12.3,83.98,0.66
2009-01-10,-10.73,82.34,0.67
2009-01-11,-8.68,83.41,1.24
2009-01-12,-5.38,72.44,2.46
2009-01-13,-1.68,61.79,2.48
2009-01-14,-4.69,80.62,0.85
2009-01-15,-0.06,91.1,0.64
2009-01-16,-2.82,92.76,1.6
2009-01-17,0.04,87.7,2.15
2009-01-18,2.56,82.75,2.97
2009-01-19,2.52,79.51,3.32
2009-01-20,3.18,79.51,2.08
2009-01-21,-1.55,92.78,0.65
2009-01-22,-1.13,86.73,2.8
2009-01-23,1.46,78.07,5.1
2009-01-24,2.58,74.63,2.99
2009-01-25,0.98,83.01,0.93
2009-01-26,-3.28,96.56,1.41
2009-01-27,-1.34,99.0,2.24
2009-01-28,-2.49,96.07,0.0
2009-01-29,-2.37,88.33,1.59
2009-01-30,-2.4,80.94,2.11
2009-01-31,-2.0,88.44,2.59
2009-02-01,-3.36,83.51,3.94
2009-02-02,-0.73,80.69,1.48
2009-02-03,-0.04,88.18,0.48
2009-02-04,-1.02,91.94,0.86
2009-02-05,1.84,85.97,1.81
2009-02-06,2.58,82.05,1.39
2009-02-07,1.4,86.27,1.28
2009-02-08,1.1,74.49,1.87
2009-02-09,-0.21,73.16,3.24
2009-02-10,2.5,84.96,5.0
2009-02-11,0.27,79.44,2.93
2009-02-12,-1.43,77.47,2.1
2009-02-13,-1.35,84.92,1.52
2009-02-14,-3.62,85.75,1.71
2009-02-15,-4.31,81.17,2.15
2009-02-16,0.18,87.49,2.18
2009-02-17,-2.41,86.92,2.83
2009-02-18,-4.16,78.74,1.46
2009-02-19,-4.66,74.36,1.75
2009-02-20,0.24,94.24,1.84
2009-02-21,1.08,94.17,1.54
2009-02-22,1.92,94.68,1.76
2009-02-23,2.44,87.19,2.88
2009-02-24,-0.35,93.12,1.01
2009-02-25,1.44,81.98,2.01
2009-02-26,3.97,78.9,2.95
2009-02-27,4.85,87.86,2.15
2009-02-28,6.57,92.64,1.16
2009-03-01,5.44,86.88,2.23
2009-03-02,5.43,87.79,2.05
2009-03-03,3.94,74.66,1.8
2009-03-04,4.61,74.93,2.54
2009-03-05,2.22,94.29,1.29
2009-03-06,3.95,97.69,1.91
2009-03-07,1.7,92.38,2.1
2009-03-08,2.81,88.55,3.27
2009-03-09,3.84,74.43,2.6
2009-03-10,3.63,80.57,3.6
2009-03-11,2.93,83.89,2.33
2009-03-12,2.98,87.91,2.63
2009-03-13,6.55,74.13,2.47
2009-03-14,5.27,78.96,2.05
2009-03-15,6.19,87.79,2.15
2009-03-16,6.15,84.94,1.47
2009-03-17,6.39,71.8,2.07
2009-03-18,3.9,63.99,2.53
2009-03-19,2.71,70.24,2.78
2009-03-20,0.1,62.14,2.08
2009-03-21,1.73,58.06,1.32
2009-03-22,3.87,67.19,2.51
2009-03-23,5.71,74.64,3.92
2009-03-24,1.25,76.26,2.88
2009-03-25,-0.26,83.03,2.68
2009-03-26,4.23,81.09,3.9
2009-03-27,5.91,77.67,3.63
2009-03-28,5.39,77.24,3.79
2009-03-29,5.86,69.14,2.01
2009-03-30,4.62,77.36,1.25
2009-03-31,4.68,72.89,1.47
2009-04-01,7.28,61.86,2.84
2009-04-02,10.63,59.46,3.7
2009-04-03,12.84,61.73,1.46
2009-04-04,13.44,69.97,1.25
2009-04-05,11.01,77.93,1.5
2009-04-06,11.97,75.29,1.04
2009-04-07,12.81,71.95,1.59
2009-04-08,12.86,68.29,2.33
2009-04-09,12.51,68.04,1.5
2009-04-10,14.26,66.9,1.48
2009-04-11,15.26,65.58,2.06
2009-04-12,14.1,61.62,2.1
2009-04-13,12.79,66.46,1.62
2009-04-14,13.65,66.24,1.52
2009-04-15,14.94,56.67,1.79
2009-04-16,14.75,52.66,1.98
2009-04-17,8.09,90.89,1.57
2009-04-18,7.45,90.86,2.19
2009-04-19,10.53,78.47,2.76
2009-04-20,10.85,62.84,2.36
2009-04-21,11.11,54.71,1.53
2009-04-22,8.52,70.14,1.73
2009-04-23,6.38,86.32,1.54
2009-04-24,9.9,72.1,2.14
2009-04-25,14.38,49.31,2.03
2009-04-26,13.91,60.55,1.91
2009-04-27,15.69,57.51,1.89
2009-04-28,13.12,75.94,1.94
2009-04-29,9.36,92.14,1.24
2009-04-30,12.31,82.88,1.03
2009-05-01,12.69,81.56,1.57
2009-05-02,12.88,77.5,1.84
2009-05-03,13.19,71.14,1.6
2009-05-04,8.11,70.61,1.72
2009-05-05,6.82,78.59,2.78
2009-05-06,10.53,82.36,2.49
2009-05-07,14.19,67.86,2.52
2009-05-08,13.23,77.25,2.29
2009-05-09,13.12,66.01,1.63
2009-05-10,13.91,70.85,1.75
2009-05-11,10.49,90.8,2.32
2009-05-12,10.84,63.77,3.02
2009-05-13,11.82,59.67,2.52
2009-05-14,12.25,59.12,2.15
2009-05-15,14.56,70.9,1.91
2009-05-16,13.09,68.63,2.14
2009-05-17,15.73,67.26,2.77
2009-05-18,15.55,72.51,1.63
2009-05-19,15.38,63.91,1.24
2009-05-20,16.89,68.17,1.61
2009-05-21,16.81,80.11,1.63
2009-05-22,13.37,79.65,1.58
2009-05-23,13.41,64.78,1.38
2009-05-24,18.66,63.41,1.47
2009-05-25,18.57,65.82,1.4
2009-05-26,19.94,65.05,2.33
2009-05-27,12.92,60.9,2.62
2009-05-28,11.97,67.27,2.28
2009-05-29,11.27,60.0,3.7
2009-05-30,10.68,83.53,2.37
2009-05-31,13.57,81.01,2.24
2009-06-01,15.2,75.88,2.18
2009-06-02,17.5,63.81,1.87
2009-06-03,10.94,59.12,2.93
2009-06-04,9.31,59.84,2.4
2009-06-05,9.31,65.8,1.57
2009-06-06,8.15,84.08,2.04
2009-06-07,12.04,77.59,2.05
2009-06-08,14.51,64.56,3.36
2009-06-09,14.81,75.09,1.88
2009-06-10,14.47,77.04,3.0
2009-06-11,13.32,78.57,3.38
2009-06-12,11.08,71.52,2.47
2009-06-13,13.37,55.84,1.93
2009-06-14,16.1,60.12,1.51
2009-06-15,16.25,84.1,1.9
2009-06-16,12.86,83.03,1.79
2009-06-17,14.35,74.58,1.3
2009-06-18,17.28,73.13,1.84
2009-06-19,15.91,70.25,1.57
2009-06-20,13.45,62.71,2.06
2009-06-21,11.79,76.38,1.22
2009-06-22,11.74,86.25,1.58
2009-06-23,13.88,69.6,2.78
2009-06-24,16.12,69.84,3.02
2009-06-25,14.47,89.17,2.02
2009-06-26,17.37,88.29,1.81
2009-06-27,16.32,93.82,3.55
2009-06-28,17.35,82.21,1.84
2009-06-29,18.02,74.15,1.24
2009-06-30,20.16,70.42,1.26
2009-07-01,20.12,81.07,1.17
2009-07-02,21.1,79.52,1.75
2009-07-03,21.86,73.59,1.42
2009-07-04,21.29,72.71,1.27
2009-07-05,20.61,60.67,1.31
2009-07-06,17.57,76.23,1.3
2009-07-07,15.98,81.87,2.32
2009-07-08,14.75,75.3,3.39
2009-07-09,14.64,66.84,2.2
2009-07-10,12.71,77.1,2.95
2009-07-11,12.45,81.71,1.71
2009-07-12,16.05,78.5,2.53
2009-07-13,20.17,66.82,1.74
2009-07-14,19.89,79.81,2.29
2009-07-15,20.36,75.15,3.14
2009-07-16,20.84,63.37,1.13
2009-07-17,19.87,70.31,2.26
2009-07-18,15.1,78.83,2.24
2009-07-19,14.94,77.1,3.11
2009-07-20,15.34,73.48,2.9
2009-07-21,18.57,69.93,1.96
2009-07-22,21.63,68.31,2.71
2009-07-23,20.63,73.04,2.79
2009-07-24,16.73,78.81,3.01
2009-07-25,15.1,77.41,2.31
2009-07-26,16.66,62.69,1.57
2009-07-27,20.31,56.85,2.67
2009-07-28,18.87,59.55,1.4
2009-07-29,19.25,58.76,1.79
2009-07-30,18.69,57.53,2.53
2009-07-31,15.69,61.28,1.07
2009-08-01,18.86,60.02,1.23
2009-08-02,20.09,66.76,1.91
2009-08-03,17.2,71.71,1.89
2009-08-04,17.26,64.79,1.04
2009-08-05,18.06,61.59,1.28
2009-08-06,19.82,63.15,1.33
2009-08-07,21.35,59.6,1.46
2009-08-08,21.14,61.55,1.62
2009-08-09,19.97,70.78,1.05
2009-08-10,18.69,78.53,1.26
2009-08-11,18.15,80.39,1.64
2009-08-12,17.94,76.87,1.98
2009-08-13,17.16,71.06,1.66
2009-08-14,15.99,70.57,0.81
2009-08-15,19.05,61.23,1.96
2009-08-16,22.0,58.9,2.18
2009-08-17,21.66,68.03,1.91
2009-08-18,18.68,59.33,1.82
2009-08-19,20.18,58.33,1.28
2009-08-20,25.3,50.48,2.69
2009-08-21,19.56,77.15,2.13
2009-08-22,15.95,70.51,1.22
2009-08-23,16.14,64.46,1.7
2009-08-24,19.29,54.05,2.22
2009-08-25,20.5,66.72,1.39
2009-08-26,19.37,78.71,1.44
2009-08-27,20.37,68.81,1.76
2009-08-28,20.01,63.18,2.73
2009-08-29,15.19,54.98,2.41
2009-08-30,13.71,61.39,2.07
2009-08-31,16.81,56.58,1.69
2009-09-01,21.29,57.44,2.77
2009-09-02,19.0,65.67,1.52
2009-09-03,16.2,73.61,2.81
2009-09-04,14.03,69.48,3.36
2009-09-05,12.4,75.9,3.09
2009-09-06,12.46,75.45,1.55
2009-09-07,14.61,71.26,1.71
2009-09-08,16.75,66.02,1.33
2009-09-09,17.5,65.07,1.1
2009-09-10,15.01,78.49,1.94
2009-09-11,15.17,65.87,2.31
2009-09-12,13.81,63.51,1.23
2009-09-13,11.1,82.6,1.6
2009-09-14,10.91,92.14,2.73
2009-09-15,13.95,92.32,2.32
2009-09-16,14.74,92.98,2.76
2009-09-17,13.91,77.87,3.74
2009-09-18,14.36,73.34,1.74
2009-09-19,15.05,76.98,0.88
2009-09-20,16.47,77.15,0.74
2009-09-21,15.04,88.58,1.02
2009-09-22,16.06,81.22,1.06
2009-09-23,15.67,75.6,1.52
2009-09-24,13.32,88.62,1.13
2009-09-25,10.9,84.09,0.85
2009-09-26,10.79,80.12,0.85
2009-09-27,11.47,80.95,0.79
2009-09-28,11.93,82.91,0.88
2009-09-29,14.04,78.83,1.86
2009-09-30,10.81,87.92,1.83
2009-10-01,11.94,82.53,1.87
2009-10-02,8.83,76.41,2.2
2009-10-03,10.74,72.97,3.84
2009-10-04,11.76,73.73,3.19
2009-10-05,10.36,79.3,1.06
2009-10-06,14.65,87.83,2.44
2009-10-07,18.61,79.2,3.32
2009-10-08,15.33,74.19,2.96
2009-10-09,8.02,78.2,1.67
2009-10-10,10.11,86.23,1.67
2009-10-11,10.53,85.18,2.12
2009-10-12,6.73,85.51,2.14
2009-10-13,4.62,81.0,2.24
2009-10-14,2.38,74.25,2.07
2009-10-15,1.24,84.25,2.43
2009-10-16,3.92,87.85,2.24
2009-10-17,3.96,92.15,1.51
2009-10-18,3.92,90.05,1.64
2009-10-19,2.89,86.52,1.36
2009-10-20,1.32,84.46,1.36
2009-10-21,2.52,82.73,1.18
2009-10-22,2.58,93.39,1.08
2009-10-23,6.44,94.67,0.8
2009-10-24,7.48,89.6,2.02
2009-10-25,9.27,88.76,2.06
2009-10-26,8.07,85.8,2.83
2009-10-27,10.45,83.28,1.88
2009-10-28,9.55,83.74,1.28
2009-10-29,8.72,88.48,1.13
2009-10-30,6.23,89.09,2.53
2009-10-31,1.45,87.83,1.45
2009-11-01,3.21,85.2,3.02
2009-11-02,6.37,93.12,2.1
2009-11-03,5.78,91.7,1.86
2009-11-04,5.35,89.5,2.67
2009-11-05,6.1,82.21,3.4
2009-11-06,6.32,78.9,2.42
2009-11-07,4.51,83.58,2.7
2009-11-08,4.14,86.89,2.59
2009-11-09,3.55,96.19,2.88
2009-11-10,4.2,91.38,1.58
2009-11-11,5.29,84.76,1.3
2009-11-12,4.56,82.53,2.51
2009-11-13,8.44,85.34,2.53
2009-11-14,10.08,79.2,2.6
2009-11-15,9.7,74.54,3.35
2009-11-16,7.33,92.1,1.99
2009-11-17,9.41,93.96,1.46
2009-11-18,8.27,76.26,5.25
2009-11-19,9.21,70.91,3.53
2009-11-20,8.08,76.19,1.97
2009-11-21,9.08,82.16,1.4
2009-11-22,10.62,68.98,3.22
2009-11-23,9.04,71.87,7.64
2009-11-24,9.58,77.32,2.9
2009-11-25,10.93,65.04,4.37
2009-11-26,8.05,69.44,5.0
2009-11-27,7.16,68.4,4.46
2009-11-28,6.89,71.44,4.98
2009-11-29,8.69,57.28,2.99
2009-11-30,5.04,80.28,1.25
2009-12-01,3.68,90.76,1.87
2009-12-02,0.95,90.81,2.31
2009-12-03,3.92,77.66,3.16
2009-12-04,2.82,87.06,1.35
2009-12-05,0.92,85.71,2.61
2009-12-06,6.26,88.95,2.93
2009-12-07,5.1,86.68,1.87
2009-12-08,5.64,87.8,1.26
2009-12-09,4.6,82.52,1.72
2009-12-10,4.01,92.5,1.86
2009-12-11,1.42,93.37,2.91
2009-12-12,-0.04,89.31,1.99
2009-12-13,-2.92,85.88,3.58
2009-12-14,-3.67,84.71,2.54
2009-12-15,-2.45,87.4,3.07
2009-12-16,-3.85,89.43,1.68
2009-12-17,-6.98,86.81,1.36
2009-12-18,-10.74,83.76,3.05
2009-12-19,-15.98,81.57,1.92
2009-12-20,-12.19,77.51,3.27
2009-12-21,-3.25,77.98,2.99
2009-12-22,3.19,81.45,3.26
2009-12-23,-0.07,95.07,0.99
2009-12-24,-0.27,93.81,0.76
2009-12-25,3.69,82.62,4.66
2009-12-26,2.0,72.36,3.11
2009-12-27,-0.55,78.31,3.35
2009-12-28,2.01,78.06,2.64
2009-12-29,-2.21,92.77,1.41
2009-12-30,1.12,96.99,1.24
2009-12-31,-1.28,98.61,2.71
2010-01-01,-3.82,94.89,2.41
2010-01-02,-5.11,91.5,1.71
2010-01-03,-4.7,92.74,1.36
2010-01-04,-6.13,90.98,1.5
2010-01-05,-10.26,85.07,0.78
2010-01-06,-9.03,85.3,0.85
2010-01-07,-8.35,84.98,1.02
2010-01-08,-9.69,90.83,3.75
2010-01-09,-5.32,90.83,5.65
2010-01-10,-5.18,92.47,3.27
2010-01-11,-6.73,89.98,1.79
2010-01-12,-6.86,88.18,1.13
2010-01-13,-9.43,85.77,1.01
2010-01-14,-2.34,84.73,1.81
2010-01-15,-2.1,84.44,1.42
2010-01-16,-2.71,84.3,2.71
2010-01-17,-0.04,92.79,2.27
2010-01-18,2.25,85.47,1.15
2010-01-19,0.76,96.14,0.86
2010-01-20,-0.22,96.39,1.6
2010-01-21,-6.01,91.39,2.99
2010-01-22,-6.49,86.1,1.92
2010-01-23,-5.83,83.76,2.17
2010-01-24,-5.6,78.95,2.86
2010-01-25,-5.59,79.36,2.63
2010-01-26,-11.84,80.84,2.13
2010-01-27,-11.24,73.87,2.73
2010-01-28,-0.54,80.96,3.24
2010-01-29,0.03,80.97,3.73
2010-01-30,-2.18,76.57,2.07
2010-01-31,-4.67,79.36,2.1
2010-02-01,-2.28,76.22,4.01
2010-02-02,-1.87,75.77,4.97
2010-02-03,0.57,78.02,3.23
2010-02-04,0.27,86.39,1.83
2010-02-05,-0.68,83.39,2.25
2010-02-06,-0.03,85.18,1.17
2010-02-07,-4.96,86.71,2.71
2010-02-08,-7.05,82.98,2.06
2010-02-09,-6.85,74.33,1.78
2010-02-10,-6.7,81.58,1.77
2010-02-11,-6.44,88.98,3.98
2010-02-12,-3.69,88.85,1.81
2010-02-13,-4.79,82.4,1.37
2010-02-14,-4.8,79.26,1.26
2010-02-15,-4.66,74.71,1.81
2010-02-16,-5.63,75.0,1.65
2010-02-17,-5.18,73.09,1.32
2010-02-18,1.67,79.8,2.9
2010-02-19,1.47,91.7,1.1
2010-02-20,0.87,73.16,2.96
2010-02-21,-0.28,79.59,1.92
2010-02-22,2.46,78.07,3.49
2010-02-23,3.83,85.74,3.12
2010-02-24,2.88,91.95,1.48
2010-02-25,5.85,76.16,2.93
2010-02-26,6.73,74.58,3.9
2010-02-27,4.96,65.45,4.14
2010-02-28,7.89,56.26,5.99
2010-03-01,4.17,68.85,3.93
2010-03-02,1.76,67.13,1.76
2010-03-03,1.22,63.93,1.52
2010-03-04,-2.1,75.38,1.67
2010-03-05,-3.32,61.81,2.06
2010-03-06,-3.96,80.92,4.73
2010-03-07,-4.61,71.8,1.82
2010-03-08,-3.96,77.28,1.75
2010-03-09,-5.61,69.63,2.4
2010-03-10,-2.8,60.44,3.4
2010-03-11,-3.69,79.37,2.73
2010-03-12,0.45,79.09,1.89
2010-03-13,2.43,75.86,2.56
2010-03-14,3.59,74.87,3.2
2010-03-15,1.58,75.92,2.62
2010-03-16,2.52,75.58,1.62
2010-03-17,5.76,64.39,2.72
2010-03-18,7.29,59.18,1.77
2010-03-19,10.05,60.99,3.15
2010-03-20,11.7,74.86,4.76
2010-03-21,11.05,83.1,3.22
2010-03-22,7.84,79.73,1.02
2010-03-23,7.82,77.4,1.08
2010-03-24,9.44,66.05,1.88
2010-03-25,13.04,57.19,2.1
2010-03-26,12.17,63.17,2.53
2010-03-27,7.55,74.22,2.69
2010-03-28,7.71,70.82,3.61
2010-03-29,8.79,85.83,2.98
2010-03-30,11.84,73.26,2.33
2010-03-31,7.2,68.91,3.84
2010-04-01,5.15,59.0,3.61
2010-04-02,4.51,57.75,1.73
2010-04-03,6.47,64.69,2.2
2010-04-04,8.47,65.0,3.23
2010-04-05,6.7,65.96,1.7
2010-04-06,7.88,60.88,1.62
2010-04-07,10.29,47.98,1.9
2010-04-08,10.95,55.11,1.37
2010-04-09,9.01,61.75,1.49
2010-04-10,5.89,68.22,1.65
2010-04-11,3.31,86.82,3.25
2010-04-12,4.97,91.12,4.29
2010-04-13,8.06,74.71,4.38
2010-04-14,5.84,79.56,2.91
2010-04-15,4.57,87.16,1.71
2010-04-16,5.93,76.74,1.38
2010-04-17,7.11,61.94,1.2
2010-04-18,10.03,58.61,1.92
2010-04-19,9.17,67.06,2.29
2010-04-20,10.79,56.82,1.61
2010-04-21,5.19,60.12,2.31
2010-04-22,5.43,54.36,1.93
2010-04-23,7.16,54.65,1.53
2010-04-24,10.39,53.57,1.74
2010-04-25,13.81,52.9,1.42
2010-04-26,12.1,69.33,1.6
2010-04-27,12.13,64.96,1.93
2010-04-28,12.3,60.62,1.4
2010-04-29,16.26,51.54,2.42
2010-04-30,16.9,56.9,3.14
2010-05-01,12.57,75.91,1.67
2010-05-02,10.15,86.07,1.96
2010-05-03,10.74,82.9,1.83
2010-05-04,7.72,85.63,2.5
2010-05-05,6.51,59.73,4.01
2010-05-06,5.3,96.27,4.0
2010-05-07,6.53,86.17,2.28
2010-05-08,9.42,71.21,1.79
2010-05-09,10.06,78.72,1.23
2010-05-10,8.32,91.06,2.48
2010-05-11,8.67,91.42,3.08
2010-05-12,10.53,76.99,2.66
2010-05-13,7.56,77.69,1.47
2010-05-14,6.84,85.68,1.15
2010-05-15,5.68,86.86,1.5
2010-05-16,9.67,64.15,2.21
2010-05-17,10.39,68.52,1.4
2010-05-18,9.25,66.9,1.78
2010-05-19,7.25,91.69,2.25
2010-05-20,9.75,95.31,1.62
2010-05-21,13.2,75.2,1.09
2010-05-22,13.69,75.61,2.07
2010-05-23,16.73,71.79,1.48
2010-05-24,16.53,72.88,1.81
2010-05-25,14.1,69.21,1.62
2010-05-26,10.88,74.31,2.14
2010-05-27,12.01,82.85,1.05
2010-05-28,12.9,82.09,1.24
2010-05-29,13.7,67.65,1.47
2010-05-30,13.09,80.35,2.56
2010-05-31,9.14,83.7,2.5
2010-06-01,9.7,92.38,2.04
2010-06-02,10.76,89.89,1.5
2010-06-03,15.63,61.77,3.15
2010-06-04,15.74,64.54,1.49
2010-06-05,18.14,65.34,1.42
2010-06-06,20.89,63.34,1.78
2010-06-07,18.39,65.8,2.18
2010-06-08,19.18,63.56,1.73
2010-06-09,22.77,61.15,2.06
2010-06-10,23.38,66.53,1.74
2010-06-11,21.4,65.22,3.13
2010-06-12,16.53,74.58,1.52
2010-06-13,13.77,67.22,2.23
2010-06-14,13.77,69.09,1.5
2010-06-15,14.7,71.7,2.57
2010-06-16,14.37,57.4,4.0
2010-06-17,16.43,54.93,3.62
2010-06-18,16.23,62.05,2.36
2010-06-19,11.69,61.42,2.0
2010-06-20,12.19,63.04,1.74
2010-06-21,11.77,69.82,1.44
2010-06-22,13.5,65.12,1.42
2010-06-23,15.65,63.21,1.5
2010-06-24,19.07,57.0,1.33
2010-06-25,18.65,67.03,1.82
2010-06-26,18.42,57.59,2.03
2010-06-27,18.65,59.62,1.85
2010-06-28,20.57,55.03,1.73
2010-06-29,22.13,54.99,1.52
2010-06-30,21.99,60.38,1.66
2010-07-01,22.53,60.31,1.44
2010-07-02,24.48,54.66,1.85
2010-07-03,25.76,49.26,1.99
2010-07-04,21.9,70.84,1.69
2010-07-05,20.66,78.46,1.26
2010-07-06,16.13,71.89,1.5
2010-07-07,17.12,61.17,1.29
2010-07-08,21.3,56.3,1.6
2010-07-09,24.86,51.99,1.91
2010-07-10,26.89,53.22,1.67
2010-07-11,27.64,52.96,1.84
2010-07-12,26.16,62.56,1.99
2010-07-13,22.6,70.84,1.48
2010-07-14,25.21,59.77,1.89
2010-07-15,22.04,66.17,2.73
2010-07-16,24.96,57.07,1.68
2010-07-17,20.44,69.66,1.63
2010-07-18,18.98,59.86,1.73
2010-07-19,18.56,55.14,1.56
2010-07-20,20.57,56.86,2.02
2010-07-21,25.01,53.26,1.98
2010-07-22,22.31,69.27,1.41
2010-07-23,17.73,91.6,2.15
2010-07-24,16.44,70.72,2.36
2010-07-25,15.6,54.71,2.27
2010-07-26,15.04,72.71,1.38
2010-07-27,17.54,74.16,1.16
2010-07-28,16.25,82.83,2.09
2010-07-29,14.78,84.71,1.62
2010-07-30,15.91,71.99,1.38
2010-07-31,17.91,64.01,2.01
2010-08-01,20.78,60.78,2.24
2010-08-02,18.94,80.1,1.17
2010-08-03,15.61,87.12,1.41
2010-08-04,16.18,72.07,2.23
2010-08-05,16.55,76.93,1.41
2010-08-06,14.07,92.74,2.01
2010-08-07,17.79,70.58,1.84
2010-08-08,17.04,72.84,1.89
2010-08-09,17.07,78.51,0.96
2010-08-10,18.89,67.07,1.32
2010-08-11,17.05,80.4,1.54
2010-08-12,15.39,94.89,0.97
2010-08-13,16.05,89.39,0.95
2010-08-14,16.01,84.39,1.71
2010-08-15,14.99,93.6,2.34
2010-08-16,14.95,80.23,2.46
2010-08-17,13.51,90.92,2.81
2010-08-18,15.74,79.04,3.3
2010-08-19,16.08,70.56,1.73
2010-08-20,17.46,66.53,1.36
2010-08-21,20.63,68.95,1.74
2010-08-22,21.35,75.62,2.15
2010-08-23,18.99,85.13,3.03
2010-08-24,17.59,71.34,2.33
2010-08-25,15.33,62.77,2.99
2010-08-26,17.59,79.36,2.28
2010-08-27,18.34,82.21,3.27
2010-08-28,13.34,73.37,2.33
2010-08-29,11.58,79.07,2.83
2010-08-30,9.12,86.7,1.78
2010-08-31,12.21,73.85,1.94
2010-09-01,11.76,84.49,1.81
2010-09-02,12.75,81.61,1.14
2010-09-03,13.18,74.99,1.29
2010-09-04,11.09,78.23,0.98
2010-09-05,10.11,77.38,1.78
2010-09-06,10.49,73.87,2.05
2010-09-07,12.33,66.71,2.03
2010-09-08,13.77,79.54,1.86
2010-09-09,13.81,86.4,2.24
2010-09-10,14.48,81.17,1.44
2010-09-11,14.01,80.55,1.28
2010-09-12,15.42,78.08,1.23
2010-09-13,13.59,80.43,1.69
2010-09-14,12.56,84.67,4.15
2010-09-15,14.12,72.06,3.78
2010-09-16,12.48,71.36,3.19
2010-09-17,11.31,76.54,2.24
2010-09-18,9.28,73.48,1.74
2010-09-19,9.43,73.93,1.46
2010-09-20,11.1,72.03,2.39
2010-09-21,12.73,76.71,1.13
2010-09-22,13.08,79.38,1.02
2010-09-23,14.35,76.95,1.9
2010-09-24,16.23,78.2,1.63
2010-09-25,10.47,90.97,1.48
2010-09-26,9.06,80.98,1.87
2010-09-27,8.31,89.53,2.04
2010-09-28,9.22,94.47,1.98
2010-09-29,8.23,87.47,1.35
2010-09-30,8.5,79.98,1.01
2010-10-01,9.95,81.67,1.69
2010-10-02,11.34,86.21,2.33
2010-10-03,13.3,80.31,3.24
2010-10-04,11.16,80.42,3.04
2010-10-05,12.67,83.94,1.89
2010-10-06,13.68,84.79,2.54
2010-10-07,12.33,86.92,1.43
2010-10-08,12.22,76.22,1.65
2010-10-09,10.29,70.34,1.85
2010-10-10,6.61,79.78,1.61
2010-10-11,5.42,80.92,1.62
2010-10-12,3.73,93.08,1.55
2010-10-13,4.89,82.53,1.56
2010-10-14,6.08,82.84,1.52
2010-10-15,8.22,87.01,1.57
2010-10-16,6.1,96.86,2.24
2010-10-17,5.21,88.34,2.92
2010-10-18,2.04,85.92,1.12
2010-10-19,3.49,89.17,3.52
2010-10-20,4.96,86.07,1.74
2010-10-21,4.31,70.08,3.46
2010-10-22,4.11,72.66,3.46
2010-10-23,5.06,74.4,3.79
2010-10-24,7.41,69.19,3.88
2010-10-25,3.89,79.71,1.66
2010-10-26,3.96,84.28,1.95
2010-10-27,5.07,76.54,2.45
2010-10-28,8.64,64.62,2.47
2010-10-29,7.63,77.12,2.01
2010-10-30,9.17,72.58,2.1
2010-10-31,8.58,74.55,1.19
2010-11-01,7.38,83.88,1.01
2010-11-02,6.49,87.92,1.71
2010-11-03,10.4,78.16,4.52
2010-11-04,14.46,73.56,6.12
2010-11-05,13.15,71.3,4.81
2010-11-06,9.66,83.92,3.89
2010-11-07,4.07,95.83,3.34
2010-11-08,2.04,91.95,1.63
2010-11-09,3.76,88.18,1.4
2010-11-10,5.03,87.46,2.3
2010-11-11,4.55,75.49,4.88
2010-11-12,9.29,70.45,4.55
2010-11-13,13.69,75.94,6.71
2010-11-14,13.73,65.84,3.08
2010-11-15,8.78,84.43,2.47
2010-11-16,3.18,94.35,4.58
2010-11-17,2.12,97.62,2.74
2010-11-18,3.31,97.27,1.08
2010-11-19,4.35,87.77,1.55
2010-11-20,3.54,90.24,1.0
2010-11-21,0.14,98.47,2.49
2010-11-22,0.9,97.39,3.42
2010-11-23,1.36,88.73,2.8
2010-11-24,0.39,90.77,1.75
2010-11-25,-0.53,91.15,1.55
2010-11-26,-1.7,92.14,1.22
2010-11-27,-5.61,95.29,0.86
2010-11-28,-5.34,95.71,1.81
2010-11-29,-3.84,95.48,3.49
2010-11-30,-5.39,89.57,3.56
2010-12-01,-11.01,85.28,5.36
2010-12-02,-11.38,81.06,1.79
2010-12-03,-11.81,86.1,0.72
2010-12-04,-9.8,84.62,1.78
2010-12-05,-2.27,74.93,4.11
2010-12-06,-1.4,89.21,1.21
2010-12-07,-3.93,95.49,2.19
2010-12-08,-3.39,96.68,1.46
2010-12-09,-2.08,87.7,2.95
2010-12-10,-1.79,83.56,2.21
2010-12-11,2.53,89.0,3.33
2010-12-12,-0.13,90.98,2.96
2010-12-13,-6.14,84.52,1.47
2010-12-14,-5.51,86.98,1.98
2010-12-15,-6.47,86.72,2.54
2010-12-16,-6.09,81.8,3.53
2010-12-17,-4.93,86.02,1.5
2010-12-18,-9.02,85.2,1.29
2010-12-19,-4.58,87.23,2.18
2010-12-20,-1.82,79.7,2.32
2010-12-21,-4.13,92.58,0.83
2010-12-22,-0.73,97.36,1.39
2010-12-23,-0.83,99.13,1.87
2010-12-24,-2.82,97.2,3.46
2010-12-25,-7.29,87.74,1.38
2010-12-26,-9.84,87.91,0.9
2010-12-27,-4.52,89.12,1.68
2010-12-28,-5.79,88.18,2.15
2010-12-29,-13.16,88.24,0.91
2010-12-30,-10.36,92.8,1.45
2010-12-31,-4.21,93.86,1.14
2011-01-01,-0.32,87.97,1.84
2011-01-02,-0.35,81.48,2.28
2011-01-03,-1.57,83.25,1.92
2011-01-04,-5.89,88.29,1.14
2011-01-05,-7.42,83.23,2.17
2011-01-06,1.62,80.3,4.22
2011-01-07,5.6,92.56,2.47
2011-01-08,7.67,86.07,2.93
2011-01-09,5.48,84.19,1.69
2011-01-10,-2.47,96.77,1.06
2011-01-11,-0.52,93.94,1.68
2011-01-12,3.61,82.1,2.37
2011-01-13,5.91,96.66,1.6
2011-01-14,9.84,83.71,3.47
2011-01-15,7.74,76.79,2.82
2011-01-16,5.75,79.16,2.03
2011-01-17,1.61,92.63,0.98
2011-01-18,5.73,82.39,2.58
2011-01-19,1.31,89.99,1.68
2011-01-20,-0.64,88.55,2.0
2011-01-21,-2.15,80.67,1.36
2011-01-22,-2.34,81.18,1.17
2011-01-23,-1.27,89.78,1.11
2011-01-24,0.5,94.08,1.55
2011-01-25,0.93,87.74,3.14
2011-01-26,0.15,86.06,1.81
2011-01-27,-2.77,85.7,3.68
2011-01-28,-3.0,81.79,3.41
2011-01-29,-5.76,85.29,0.96
2011-01-30,-6.3,92.93,1.6
2011-01-31,-6.31,87.91,1.51
2011-02-01,-5.7,82.92,1.76
2011-02-02,-3.39,85.26,1.51
2011-02-03,-0.29,83.49,2.22
2011-02-04,3.4,78.15,5.94
2011-02-05,8.2,68.18,5.36
2011-02-06,8.33,69.95,3.31
2011-02-07,4.79,67.39,2.63
2011-02-08,5.7,63.29,1.96
2011-02-09,0.06,77.86,0.92
2011-02-10,1.02,79.53,2.07
2011-02-11,7.45,82.39,3.06
2011-02-12,-0.43,79.48,2.69
2011-02-13,1.53,93.19,1.94
2011-02-14,1.87,85.57,2.26
2011-02-15,1.28,79.22,3.85
2011-02-16,2.55,73.69,2.55
2011-02-17,-2.0,90.22,3.05
2011-02-18,-2.94,95.2,2.36
2011-02-19,-3.25,89.61,2.56
2011-02-20,-6.17,78.27,3.63
2011-02-21,-8.9,74.06,2.38
2011-02-22,-9.65,76.3,1.89
2011-02-23,-9.08,70.0,1.35
2011-02-24,-3.09,57.95,1.66
2011-02-25,-0.1,52.13,1.18
2011-02-26,0.25,50.05,2.24
2011-02-27,1.02,80.78,2.1
2011-02-28,1.39,84.22,1.59
2011-03-01,-0.04,81.09,2.08
2011-03-02,-0.33,65.62,3.45
2011-03-03,-1.06,65.35,2.98
2011-03-04,-0.15,72.32,1.01
2011-03-05,-0.31,78.66,1.3
2011-03-06,0.06,61.29,1.85
2011-03-07,-0.95,49.53,1.37
2011-03-08,2.4,37.58,3.14
2011-03-09,5.61,61.73,3.25
2011-03-10,6.47,65.87,3.66
2011-03-11,7.06,66.12,3.52
2011-03-12,5.93,68.4,1.54
2011-03-13,8.44,64.48,1.15
2011-03-14,9.24,79.93,0.96
2011-03-15,8.94,82.66,2.85
2011-03-16,4.43,94.8,3.98
2011-03-17,4.61,95.79,2.03
2011-03-18,3.41,91.03,1.46
2011-03-19,2.92,73.58,2.15
2011-03-20,1.8,73.92,0.93
2011-03-21,3.95,69.41,1.17
2011-03-22,5.88,63.25,1.06
2011-03-23,6.72,66.09,1.25
2011-03-24,7.25,66.94,1.19
2011-03-25,7.65,71.98,1.16
2011-03-26,4.28,77.81,1.61
2011-03-27,3.65,75.43,1.19
2011-03-28,4.92,64.95,1.29
2011-03-29,6.52,61.48,1.44
2011-03-30,8.9,60.08,2.0
2011-03-31,10.5,76.32,3.6
2011-04-01,13.58,68.22,1.88
2011-04-02,14.56,69.56,1.9
2011-04-03,15.38,66.44,1.56
2011-04-04,9.2,84.74,1.71
2011-04-05,8.96,66.61,2.34
2011-04-06,13.65,69.09,1.83
2011-04-07,14.46,68.73,2.27
2011-04-08,10.55,58.46,2.6
2011-04-09,8.99,60.52,1.92
2011-04-10,9.02,63.97,1.35
2011-04-11,12.02,60.22,1.58
2011-04-12,8.61,62.05,2.41
2011-04-13,6.41,57.01,2.88
2011-04-14,6.06,62.24,2.35
2011-04-15,6.5,71.68,1.31
2011-04-16,8.97,61.66,1.04
2011-04-17,9.68,58.13,1.17
2011-04-18,10.05,56.81,1.56
2011-04-19,12.13,54.17,1.63
2011-04-20,13.4,55.17,1.64
2011-04-21,14.68,58.41,1.5
2011-04-22,15.26,57.54,2.1
2011-04-23,15.64,55.71,3.02
2011-04-24,14.62,48.51,2.69
2011-04-25,11.03,62.44,2.24
2011-04-26,8.87,84.51,1.61
2011-04-27,10.54,86.67,1.82
2011-04-28,12.86,76.82,2.01
2011-04-29,14.01,66.63,3.05
2011-04-30,13.02,58.34,4.61
2011-05-01,9.34,52.6,3.79
2011-05-02,5.6,75.41,3.15
2011-05-03,4.86,66.79,3.69
2011-05-04,4.59,72.97,1.71
2011-05-05,7.98,62.63,1.42
2011-05-06,12.24,51.02,1.63
2011-05-07,15.4,44.81,1.94
2011-05-08,14.83,52.86,2.45
2011-05-09,16.49,47.27,2.09
2011-05-10,17.27,47.15,1.31
2011-05-11,16.25,66.72,1.28
2011-05-12,14.32,83.25,1.6
2011-05-13,12.92,61.37,1.86
2011-05-14,12.78,64.54,1.92
2011-05-15,10.24,64.49,2.51
2011-05-16,10.25,74.06,2.66
2011-05-17,14.13,70.12,2.27
2011-05-18,16.31,59.97,2.16
2011-05-19,16.58,65.55,1.66
2011-05-20,15.63,85.71,1.4
2011-05-21,16.46,76.4,1.74
2011-05-22,18.35,68.69,2.01
2011-05-23,15.62,52.17,2.03
2011-05-24,15.32,54.93,2.15
2011-05-25,12.67,46.68,1.79
2011-05-26,16.88,55.07,3.41
2011-05-27,13.66,58.8,2.96
2011-05-28,12.79,59.51,1.81
2011-05-29,16.97,51.77,3.14
2011-05-30,21.16,48.47,2.21
2011-05-31,18.79,66.91,1.84
2011-06-01,11.0,81.87,1.29
2011-06-02,14.97,50.13,3.06
2011-06-03,17.59,50.71,2.8
2011-06-04,20.91,59.55,2.8
2011-06-05,21.88,64.97,1.77
2011-06-06,18.79,76.95,1.9
2011-06-07,18.54,78.6,1.9
2011-06-08,15.79,84.32,1.99
2011-06-09,14.94,57.59,1.95
2011-06-10,14.25,63.67,1.58
2011-06-11,14.31,77.04,1.43
2011-06-12,15.42,70.2,1.27
2011-06-13,15.77,68.62,1.27
2011-06-14,16.36,80.95,1.47
2011-06-15,18.62,73.92,1.38
2011-06-16,18.93,73.65,2.67
2011-06-17,16.56,58.92,2.31
2011-06-18,15.09,73.3,4.22
2011-06-19,13.3,66.57,4.22
2011-06-20,13.87,70.25,2.86
2011-06-21,16.67,83.38,1.82
2011-06-22,17.69,80.42,2.17
2011-06-23,16.02,64.59,3.13
2011-06-24,13.5,67.48,2.5
2011-06-25,12.9,71.24,2.58
2011-06-26,17.53,75.88,1.34
2011-06-27,20.13,65.28,1.61
2011-06-28,21.56,56.98,1.74
2011-06-29,20.96,60.19,2.34
2011-06-30,13.4,79.69,2.22
2011-07-01,11.12,79.8,1.79
2011-07-02,11.15,79.23,2.72
2011-07-03,10.87,91.16,3.81
2011-07-04,14.41,88.31,1.38
2011-07-05,15.6,85.51,1.29
2011-07-06,19.15,74.06,1.65
2011-07-07,20.32,62.25,2.1
2011-07-08,18.17,69.78,2.71
2011-07-09,20.87,60.58,3.26
2011-07-10,19.65,70.97,1.46
2011-07-11,18.85,68.6,1.55
2011-07-12,19.61,62.41,2.2
2011-07-13,19.86,75.94,1.87
2011-07-14,15.14,66.87,4.73
2011-07-15,15.08,63.77,3.67
2011-07-16,18.44,57.01,2.5
2011-07-17,16.6,70.77,3.36
2011-07-18,14.91,70.78,4.45
2011-07-19,17.25,63.64,2.24
2011-07-20,18.1,64.28,1.84
2011-07-21,15.49,83.54,2.37
2011-07-22,13.61,70.58,2.38
2011-07-23,13.06,63.92,2.75
2011-07-24,13.12,66.32,3.66
2011-07-25,13.11,74.67,1.77
2011-07-26,16.26,64.11,1.28
2011-07-27,19.14,57.84,1.85
2011-07-28,18.09,65.46,2.42
2011-07-29,16.74,67.71,1.45
2011-07-30,12.96,83.94,3.11
2011-07-31,12.88,84.15,1.65
2011-08-01,14.96,87.95,1.25
2011-08-02,17.71,79.28,1.86
2011-08-03,20.54,69.13,1.59
2011-08-04,19.81,78.39,1.23
2011-08-05,19.33,79.9,1.61
2011-08-06,21.69,71.26,2.47
2011-08-07,17.92,75.54,2.21
2011-08-08,14.28,76.11,3.19
2011-08-09,13.24,75.29,3.73
2011-08-10,13.54,63.9,2.79
2011-08-11,18.21,54.59,4.09
2011-08-12,17.15,73.51,2.38
2011-08-13,17.01,85.96,0.92
2011-08-14,18.99,81.54,2.31
2011-08-15,16.77,76.41,1.26
2011-08-16,16.25,78.07,1.21
2011-08-17,19.28,67.31,1.06
2011-08-18,21.64,66.26,1.41
2011-08-19,17.77,81.05,1.77
2011-08-20,16.4,70.91,1.39
2011-08-21,18.65,76.34,1.42
2011-08-22,21.29,74.31,1.38
2011-08-23,21.54,77.71,2.04
2011-08-24,22.38,73.8,1.72
2011-08-25,19.74,82.21,1.64
2011-08-26,24.72,65.25,1.94
2011-08-27,14.64,82.13,2.99
2011-08-28,14.62,67.98,2.99
2011-08-29,14.68,64.67,2.31
2011-08-30,12.29,64.87,1.88
2011-08-31,11.81,70.62,1.13
2011-09-01,14.21,69.95,1.26
2011-09-02,16.32,70.0,1.04
2011-09-03,19.6,68.56,1.26
2011-09-04,20.94,72.54,1.18
2011-09-05,17.31,78.66,1.67
2011-09-06,15.92,61.4,3.91
2011-09-07,15.15,65.98,3.93
2011-09-08,12.38,82.42,2.03
2011-09-09,15.12,83.43,1.37
2011-09-10,20.05,78.64,1.58
2011-09-11,20.24,77.2,2.25
2011-09-12,16.75,72.23,3.96
2011-09-13,17.56,75.85,2.46
2011-09-14,14.21,64.83,2.23
2011-09-15,12.49,70.33,1.39
2011-09-16,12.22,74.29,1.23
2011-09-17,16.55,77.58,2.43
2011-09-18,12.43,93.07,1.85
2011-09-19,11.55,79.79,1.71
2011-09-20,11.28,81.39,1.24
2011-09-21,12.03,79.79,1.49
2011-09-22,13.19,73.57,1.84
2011-09-23,11.48,74.26,1.07
2011-09-24,11.83,75.47,1.01
2011-09-25,13.57,79.63,1.05
2011-09-26,15.86,76.89,0.91
2011-09-27,15.35,85.65,1.52
2011-09-28,15.2,85.04,1.4
2011-09-29,14.44,81.18,1.04
2011-09-30,15.46,74.64,1.06
2011-10-01,15.8,70.85,1.04
2011-10-02,15.77,70.91,0.88
2011-10-03,16.06,74.05,1.14
2011-10-04,17.49,68.92,2.52
2011-10-05,15.81,71.45,2.06
2011-10-06,13.62,75.07,4.67
2011-10-07,8.24,78.24,2.39
2011-10-08,6.53,82.09,2.78
2011-10-09,6.62,74.79,3.13
2011-10-10,11.89,86.77,2.28
2011-10-11,14.48,79.67,3.09
2011-10-12,8.33,92.08,1.47
2011-10-13,7.57,81.3,1.24
2011-10-14,3.22,88.58,0.96
2011-10-15,3.03,83.64,1.09
2011-10-16,6.05,73.7,1.57
2011-10-17,6.77,73.27,1.95
2011-10-18,8.6,80.39,3.04
2011-10-19,6.39,78.78,3.11
2011-10-20,4.84,79.85,1.8
2011-10-21,2.23,86.29,0.98
2011-10-22,2.1,82.25,1.39
2011-10-23,3.85,77.15,1.63
2011-10-24,7.73,74.88,2.56
2011-10-25,7.66,79.5,3.01
2011-10-26,9.1,79.79,1.44
2011-10-27,6.55,91.32,1.11
2011-10-28,10.56,79.33,1.5
2011-10-29,9.21,87.05,0.92
2011-10-30,10.45,88.73,1.49
2011-10-31,9.96,91.09,1.36
2011-11-01,7.19,90.99,2.44
2011-11-02,7.32,87.92,1.99
2011-11-03,8.39,78.41,2.84
2011-11-04,7.32,79.52,1.97
2011-11-05,6.54,86.39,0.88
2011-11-06,6.85,89.7,1.26
2011-11-07,4.87,98.89,1.58
2011-11-08,4.32,95.49,1.22
2011-11-09,2.77,98.2,1.16
2011-11-10,3.29,99.95,1.81
2011-11-11,1.61,86.21,2.27
2011-11-12,1.49,79.53,1.61
2011-11-13,0.97,83.92,0.71
2011-11-14,-0.56,90.47,0.69
2011-11-15,-3.06,98.68,1.52
2011-11-16,-2.56,97.3,1.63
2011-11-17,-1.06,91.03,1.42
2011-11-18,2.2,90.33,0.69
2011-11-19,4.34,91.68,0.86
2011-11-20,2.3,91.86,1.11
2011-11-21,5.15,85.9,0.76
2011-11-22,2.56,88.83,0.81
2011-11-23,2.33,86.95,0.76
2011-11-24,1.5,89.94,0.81
2011-11-25,1.68,82.08,1.81
2011-11-26,4.73,78.99,3.85
2011-11-27,6.08,74.14,4.01
2011-11-28,4.44,75.03,1.51
2011-11-29,0.07,88.12,2.27
2011-11-30,5.71,80.25,2.48
2011-12-01,3.86,86.28,3.18
2011-12-02,7.86,74.99,3.04
2011-12-03,3.43,84.21,5.33
2011-12-04,6.69,82.12,2.66
2011-12-05,2.63,83.9,2.65
2011-12-06,1.37,81.29,3.03
2011-12-07,2.67,79.84,3.41
2011-12-08,4.59,67.22,4.95
2011-12-09,4.71,76.66,4.81
2011-12-10,1.74,72.93,2.63
2011-12-11,-0.76,79.95,1.98
2011-12-12,4.16,80.9,3.78
2011-12-13,4.73,74.3,4.98
2011-12-14,5.51,77.91,3.74
2011-12-15,3.78,74.78,3.4
2011-12-16,4.03,79.51,5.44
2011-12-17,2.44,79.34,2.87
2011-12-18,1.04,79.19,2.05
2011-12-19,-0.16,76.87,2.36
2011-12-20,-0.45,79.2,2.86
2011-12-21,2.36,86.16,2.55
2011-12-22,2.39,93.99,1.35
2011-12-23,6.27,93.84,1.52
2011-12-24,3.87,83.22,3.73
2011-12-25,3.31,81.72,3.4
2011-12-26,7.11,81.62,2.91
2011-12-27,6.7,85.07,1.62
2011-12-28,4.78,80.84,2.82
2011-12-29,3.79,71.87,4.41
2011-12-30,1.79,85.34,3.55
2011-12-31,1.71,84.74,1.91
2012-01-01,7.77,88.6,3.3
2012-01-02,8.64,82.56,3.9
2012-01-03,5.07,72.79,6.68
2012-01-04,5.01,67.52,3.72
2012-01-05,3.25,80.17,6.02
2012-01-06,2.48,78.47,2.65
2012-01-07,3.16,79.67,3.66
2012-01-08,3.22,84.33,2.43
2012-01-09,3.49,84.81,1.9
2012-01-10,4.63,78.36,1.93
2012-01-11,6.01,74.82,1.97
2012-01-12,6.08,79.08,4.66
2012-01-13,1.72,80.8,2.94
2012-01-14,1.01,77.4,2.92
2012-01-15,-1.72,84.16,1.75
2012-01-16,-1.73,79.0,1.29
2012-01-17,-0.16,75.49,2.37
2012-01-18,-0.57,71.76,1.98
2012-01-19,3.1,89.71,2.55
2012-01-20,1.53,81.09,2.47
2012-01-21,1.93,84.59,3.02
2012-01-22,3.81,76.74,3.44
2012-01-23,3.23,78.79,2.51
2012-01-24,1.25,87.15,1.86
2012-01-25,0.62,85.7,1.37
2012-01-26,-1.92,77.87,2.26
2012-01-27,-1.67,77.71,1.68
2012-01-28,-2.37,95.43,2.08
2012-01-29,-6.13,90.59,3.26
2012-01-30,-7.34,79.69,2.62
2012-01-31,-9.65,77.42,3.85
2012-02-01,-12.0,75.54,3.44
2012-02-02,-14.56,79.81,3.0
2012-02-03,-14.45,78.95,0.87
2012-02-04,-12.77,83.87,0.97
2012-02-05,-14.58,76.19,1.01
2012-02-06,-16.46,78.25,1.07
2012-02-07,-15.36,80.44,1.94
2012-02-08,-10.16,82.78,2.48
2012-02-09,-9.54,85.22,2.25
2012-02-10,-11.75,79.4,2.46
2012-02-11,-13.54,80.69,1.54
2012-02-12,-11.67,72.06,0.9
2012-02-13,-3.65,80.98,1.07
2012-02-14,-0.71,82.58,1.67
2012-02-15,2.56,75.95,3.24
2012-02-16,1.59,76.66,2.0
2012-02-17,4.62,82.36,1.73
2012-02-18,5.25,81.4,3.71
2012-02-19,3.96,74.09,3.02
2012-02-20,0.57,71.52,1.73
2012-02-21,0.69,77.85,2.44
2012-02-22,5.81,68.86,3.06
2012-02-23,7.56,68.7,3.16
2012-02-24,9.7,80.8,2.71
2012-02-25,6.05,73.66,1.87
2012-02-26,4.01,76.18,1.95
2012-02-27,2.4,79.14,1.28
2012-02-28,6.93,87.11,1.75
2012-02-29,9.94,90.51,2.05
2012-03-01,10.36,89.49,0.87
2012-03-02,7.31,88.29,1.44
2012-03-03,6.3,79.58,1.42
2012-03-04,7.27,82.3,1.09
2012-03-05,4.46,66.12,1.64
2012-03-06,3.85,71.5,1.65
2012-03-07,3.03,68.14,2.43
2012-03-08,4.43,77.04,2.3
2012-03-09,3.89,71.92,1.66
2012-03-10,7.28,71.87,1.83
2012-03-11,7.26,83.5,1.73
2012-03-12,8.0,83.89,2.22
2012-03-13,6.65,84.13,1.61
2012-03-14,5.61,80.49,1.13
2012-03-15,7.64,69.05,1.46
2012-03-16,11.0,59.69,2.04
2012-03-17,12.62,53.71,2.42
2012-03-18,10.03,64.97,2.25
2012-03-19,6.47,57.6,1.49
2012-03-20,6.05,57.97,1.31
2012-03-21,9.63,66.36,1.42
2012-03-22,8.91,84.67,1.5
2012-03-23,8.5,82.6,1.31
2012-03-24,9.53,75.67,1.14
2012-03-25,10.77,62.2,1.59
2012-03-26,8.3,62.34,1.6
2012-03-27,9.66,66.09,1.28
2012-03-28,12.22,60.03,1.79
2012-03-29,8.82,66.97,2.7
2012-03-30,7.66,82.3,2.6
2012-03-31,6.22,68.27,2.84
2012-04-01,4.46,58.98,2.66
2012-04-02,7.17,66.44,1.78
2012-04-03,9.77,66.54,1.23
2012-04-04,7.33,85.93,2.55
2012-04-05,3.94,92.19,3.48
2012-04-06,2.92,81.28,1.64
2012-04-07,2.7,73.07,1.81
2012-04-08,1.38,53.47,1.94
2012-04-09,3.83,68.34,3.58
2012-04-10,12.66,62.72,4.01
2012-04-11,9.27,80.33,1.44
2012-04-12,7.82,83.22,1.75
2012-04-13,7.32,72.76,1.51
2012-04-14,6.62,66.94,2.25
2012-04-15,7.76,64.03,2.98
2012-04-16,5.89,61.83,2.32
2012-04-17,5.16,56.28,2.35
2012-04-18,7.06,61.05,2.69
2012-04-19,9.18,64.11,1.64
2012-04-20,9.76,70.69,1.71
2012-04-21,8.82,68.68,3.62
2012-04-22,8.9,65.27,2.91
2012-04-23,7.98,68.7,2.96
2012-04-24,8.6,74.61,2.31
2012-04-25,11.4,58.91,3.91
2012-04-26,14.74,51.62,3.11
2012-04-27,17.36,54.3,2.31
2012-04-28,21.78,50.34,1.95
2012-04-29,21.86,44.26,2.42
2012-04-30,18.06,57.54,3.14
2012-05-01,16.91,71.79,2.13
2012-05-02,17.85,75.13,2.3
2012-05-03,15.0,77.12,1.71
2012-05-04,14.74,61.31,1.82
2012-05-05,11.32,84.8,1.99
2012-05-06,6.64,93.1,2.27
2012-05-07,9.91,88.34,1.26
2012-05-08,14.22,72.21,2.3
2012-05-09,15.96,73.02,2.91
2012-05-10,20.41,65.2,3.32
2012-05-11,22.63,60.23,3.07
2012-05-12,10.8,65.14,2.01
2012-05-13,7.27,65.24,1.57
2012-05-14,10.17,56.51,1.97
2012-05-15,10.36,61.96,2.71
2012-05-16,8.43,69.38,2.55
2012-05-17,8.96,54.72,2.17
2012-05-18,12.79,45.84,2.59
2012-05-19,18.14,52.56,2.21
2012-05-20,20.68,50.94,1.9
2012-05-21,20.87,56.22,2.27
2012-05-22,22.3,54.58,2.27
2012-05-23,22.97,56.08,3.02
2012-05-24,19.59,60.03,4.12
2012-05-25,16.45,49.12,3.48
2012-05-26,16.73,51.58,2.37
2012-05-27,17.74,53.43,1.52
2012-05-28,18.23,59.32,1.75
2012-05-29,17.55,62.3,1.67
2012-05-30,16.35,62.03,1.68
2012-05-31,15.3,77.41,2.03
2012-06-01,12.64,80.67,2.07
2012-06-02,12.16,62.03,1.66
2012-06-03,9.25,91.05,1.33
2012-06-04,11.83,87.72,1.18
2012-06-05,9.9,73.35,1.72
2012-06-06,10.86,80.79,2.0
2012-06-07,16.96,76.86,2.52
2012-06-08,19.47,63.73,3.27
2012-06-09,17.13,55.78,3.51
2012-06-10,15.34,57.0,1.17
2012-06-11,15.52,68.03,1.43
2012-06-12,15.06,76.28,1.52
2012-06-13,14.08,83.33,2.35
2012-06-14,11.85,88.57,1.11
2012-06-15,16.58,73.52,2.31
2012-06-16,19.05,69.21,1.9
2012-06-17,18.18,59.24,2.33
2012-06-18,21.28,63.59,1.9
2012-06-19,19.69,67.21,2.67
2012-06-20,16.93,93.72,2.6
2012-06-21,15.04,94.87,2.02
2012-06-22,18.39,63.78,2.51
2012-06-23,16.99,61.93,2.1
2012-06-24,16.86,68.36,3.59
2012-06-25,14.56,72.07,2.68
2012-06-26,13.89,70.2,1.79
2012-06-27,16.25,77.27,2.09
2012-06-28,21.09,72.24,1.39
2012-06-29,24.97,63.34,1.74
2012-06-30,24.39,70.39,1.97
2012-07-01,19.02,81.06,2.0
2012-07-02,16.66,80.77,2.46
2012-07-03,18.2,78.98,1.47
2012-07-04,21.08,72.52,1.77
2012-07-05,19.61,88.59,1.44
2012-07-06,20.15,85.42,1.25
2012-07-07,19.51,80.91,1.2
2012-07-08,19.86,70.76,2.66
2012-07-09,18.83,62.49,3.47
2012-07-10,19.17,69.25,1.36
2012-07-11,17.46,70.43,2.67
2012-07-12,14.34,73.37,3.15
2012-07-13,14.2,82.42,2.77
2012-07-14,15.84,83.33,2.88
2012-07-15,15.98,72.72,2.38
2012-07-16,15.4,68.7,2.83
2012-07-17,15.76,84.7,2.26
2012-07-18,19.08,71.18,2.83
2012-07-19,18.72,64.26,3.15
2012-07-20,15.58,74.02,1.74
2012-07-21,13.81,77.0,1.17
2012-07-22,14.44,66.07,1.29
2012-07-23,17.39,59.42,1.69
2012-07-24,21.4,58.87,2.32
2012-07-25,25.17,58.01,1.19
2012-07-26,25.24,60.42,1.69
2012-07-27,25.73,58.93,1.52
2012-07-28,21.65,74.64,2.7
2012-07-29,19.02,73.75,2.1
2012-07-30,16.63,60.91,2.44
2012-07-31,17.55,59.9,1.5
2012-08-01,21.11,57.73,1.41
2012-08-02,23.66,55.44,2.06
2012-08-03,20.98,67.34,1.56
2012-08-04,21.18,57.79,1.35
2012-08-05,19.32,75.68,1.24
2012-08-06,20.21,69.1,3.09
2012-08-07,17.96,63.17,2.89
2012-08-08,18.15,58.13,2.01
2012-08-09,17.25,69.48,1.72
2012-08-10,16.18,66.2,1.92
2012-08-11,15.91,67.39,1.57
2012-08-12,15.89,63.01,2.5
2012-08-13,17.66,53.65,2.18
2012-08-14,18.47,50.92,1.73
2012-08-15,19.76,52.65,2.02
2012-08-16,17.39,76.87,0.93
2012-08-17,18.39,71.16,1.48
2012-08-18,21.96,57.27,1.25
2012-08-19,26.17,50.02,2.13
2012-08-20,27.57,53.15,1.63
2012-08-21,25.39,60.67,1.27
2012-08-22,21.89,60.25,1.91
2012-08-23,18.61,56.51,1.36
2012-08-24,17.89,83.86,1.69
2012-08-25,21.02,66.48,3.79
2012-08-26,16.89,74.3,4.24
2012-08-27,16.69,70.6,1.54
2012-08-28,18.64,62.83,1.8
2012-08-29,21.54,61.17,1.69
2012-08-30,18.83,77.04,1.63
2012-08-31,15.68,81.22,1.09
2012-09-01,14.87,74.62,1.65
2012-09-02,14.87,75.01,1.49
2012-09-03,17.19,69.69,1.56
2012-09-04,16.88,70.93,1.09
2012-09-05,14.1,87.84,1.04
2012-09-06,14.01,69.3,1.56
2012-09-07,14.76,65.22,1.63
2012-09-08,19.26,65.63,1.25
2012-09-09,20.43,64.89,1.35
2012-09-10,22.53,50.9,2.1
2012-09-11,19.15,67.96,1.73
2012-09-12,12.02,86.83,1.37
2012-09-13,11.65,69.47,1.36
2012-09-14,12.8,70.99,3.27
2012-09-15,14.11,70.99,2.03
2012-09-16,14.35,70.76,1.77
2012-09-17,15.57,72.2,1.23
2012-09-18,16.52,72.8,2.33
2012-09-19,11.62,72.06,2.1
2012-09-20,9.77,68.48,1.43
2012-09-21,10.86,66.96,1.97
2012-09-22,11.9,72.83,2.03
2012-09-23,9.5,72.44,1.21
2012-09-24,14.75,72.57,2.44
2012-09-25,15.18,69.91,3.57
2012-09-26,16.01,71.77,1.54
2012-09-27,12.89,79.21,3.35
2012-09-28,13.4,69.0,2.82
2012-09-29,11.71,74.41,1.8
2012-09-30,10.26,71.39,1.09
2012-10-01,11.32,73.67,1.23
2012-10-02,13.06,71.98,1.85
2012-10-03,14.21,68.53,3.22
2012-10-04,13.18,73.46,4.15
2012-10-05,12.69,78.1,4.35
2012-10-06,14.89,76.57,3.5
2012-10-07,9.8,76.56,1.54
2012-10-08,8.59,69.77,1.65
2012-10-09,7.99,73.0,1.53
2012-10-10,6.23,77.73,1.27
2012-10-11,7.03,75.95,1.55
2012-10-12,7.45,87.48,1.46
2012-10-13,9.41,73.4,2.65
2012-10-14,9.27,73.21,2.63
2012-10-15,8.3,79.29,3.01
2012-10-16,8.12,73.17,2.31
2012-10-17,10.6,74.41,2.18
2012-10-18,13.07,69.9,2.46
2012-10-19,15.31,69.31,2.09
2012-10-20,14.44,74.24,0.92
2012-10-21,12.54,85.99,1.03
2012-10-22,8.78,95.64,1.12
2012-10-23,9.91,91.44,2.23
2012-10-24,7.64,96.3,0.98
2012-10-25,9.0,86.89,1.51
2012-10-26,3.74,78.08,2.91
2012-10-27,0.16,93.91,4.06
2012-10-28,0.0,89.69,1.21
2012-10-29,-0.89,85.59,2.05
2012-10-30,2.97,87.1,2.37
2012-10-31,4.56,85.42,1.88
2012-11-01,6.43,83.42,2.51
2012-11-02,8.02,67.5,4.13
2012-11-03,8.22,80.42,3.23
2012-11-04,8.08,82.83,2.11
2012-11-05,7.86,75.48,2.42
2012-11-06,4.68,83.22,1.86
2012-11-07,8.26,78.18,3.42
2012-11-08,7.63,76.2,2.74
2012-11-09,7.55,74.06,2.06
2012-11-10,6.79,81.96,2.61
2012-11-11,8.93,89.77,1.13
2012-11-12,6.71,83.21,1.1
2012-11-13,2.31,88.18,1.13
2012-11-14,0.36,95.53,0.92
2012-11-15,-1.06,98.72,1.29
2012-11-16,1.08,84.31,1.88
2012-11-17,1.06,83.41,2.01
2012-11-18,4.79,86.4,1.5
2012-11-19,6.0,95.76,1.22
2012-11-20,4.13,94.97,1.89
2012-11-21,5.42,85.85,3.2
2012-11-22,5.79,82.93,1.56
2012-11-23,3.56,90.55,2.1
2012-11-24,7.58,82.86,1.23
2012-11-25,9.66,66.87,3.64
2012-11-26,6.69,83.87,1.7
2012-11-27,7.92,90.18,1.08
2012-11-28,5.3,95.47,3.1
2012-11-29,1.91,95.66,3.48
2012-11-30,0.51,87.69,1.99
2012-12-01,-2.2,89.7,1.49
2012-12-02,-0.5,86.27,2.02
2012-12-03,0.42,83.11,2.68
2012-12-04,2.25,83.49,3.06
2012-12-05,-0.07,87.7,1.35
2012-12-06,-1.91,78.08,1.9
2012-12-07,-4.62,81.34,1.55
2012-12-08,-7.81,84.33,0.73
2012-12-09,-3.71,83.46,4.15
2012-12-10,1.03,89.57,2.91
2012-12-11,-3.3,87.0,2.2
2012-12-12,-4.18,91.48,1.41
2012-12-13,-3.92,84.74,2.19
2012-12-14,0.34,79.0,2.96
2012-12-15,4.43,88.4,2.99
2012-12-16,4.46,90.37,1.94
2012-12-17,3.64,92.12,1.3
2012-12-18,3.96,93.95,0.84
2012-12-19,2.79,96.72,0.6
2012-12-20,1.2,95.3,1.34
2012-12-21,-0.62,92.4,1.64
2012-12-22,1.76,95.68,1.45
2012-12-23,6.95,94.13,2.71
2012-12-24,8.6,90.99,1.71
2012-12-25,10.24,68.95,3.8
2012-12-26,7.06,79.38,3.77
2012-12-27,7.44,77.49,4.25
2012-12-28,1.72,87.07,2.16
2012-12-29,6.45,78.23,3.51
2012-12-30,6.8,71.7,4.03
2012-12-31,7.14,71.83,5.08
2013-01-01,6.19,72.2,4.89
2013-01-02,4.06,77.91,2.56
2013-01-03,6.47,81.1,3.37
2013-01-04,9.51,84.57,2.39
2013-01-05,7.44,93.42,2.32
2013-01-06,6.39,93.16,2.15
2013-01-07,5.32,94.19,1.11
2013-01-08,4.96,95.17,1.37
2013-01-09,5.48,92.12,1.8
2013-01-10,3.03,88.32,2.14
2013-01-11,-1.65,80.03,1.65
2013-01-12,-3.03,81.87,1.18
2013-01-13,-4.46,86.97,1.8
2013-01-14,-3.52,82.89,1.32
2013-01-15,-5.28,81.88,1.07
2013-01-16,-4.08,91.28,2.35
2013-01-17,-3.47,91.35,3.12
2013-01-18,-4.64,84.14,3.15
2013-01-19,-6.94,84.94,3.28
2013-01-20,-6.44,87.29,3.45
2013-01-21,-6.51,90.3,2.4
2013-01-22,-7.44,86.5,2.47
2013-01-23,-7.09,84.74,1.75
2013-01-24,-6.13,87.21,1.06
2013-01-25,-7.03,87.45,2.36
2013-01-26,-5.12,80.2,2.61
2013-01-27,-0.31,81.75,2.67
2013-01-28,2.72,82.88,2.55
2013-01-29,6.07,79.8,5.46
2013-01-30,10.15,79.88,5.42
2013-01-31,6.47,67.7,3.68
2013-02-01,4.85,81.9,2.93
2013-02-02,1.98,86.72,1.89
2013-02-03,1.16,81.38,2.6
2013-02-04,3.86,86.4,3.19
2013-02-05,2.84,80.23,2.99
2013-02-06,0.17,84.39,1.41
2013-02-07,0.2,78.96,1.62
2013-02-08,-1.46,88.61,0.87
2013-02-09,-3.0,88.9,1.04
2013-02-10,-3.03,80.66,1.45
2013-02-11,-4.51,75.47,2.07
2013-02-12,-2.53,81.21,3.33
2013-02-13,-2.58,85.14,1.03
2013-02-14,-2.52,83.89,1.44
2013-02-15,-0.47,76.64,1.1
2013-02-16,1.25,92.8,0.59
2013-02-17,0.8,93.59,1.6
2013-02-18,0.24,84.02,1.31
2013-02-19,0.09,88.8,1.67
2013-02-20,-2.02,83.3,2.22
2013-02-21,-4.38,85.92,3.16
2013-02-22,-5.21,86.9,4.39
2013-02-23,-4.6,91.93,4.15
2013-02-24,-1.14,97.59,1.8
2013-02-25,0.15,99.51,2.65
2013-02-26,0.05,100.0,3.12
2013-02-27,-0.58,97.65,2.93
2013-02-28,0.28,98.03,1.12
2013-03-01,0.82,86.7,1.01
2013-03-02,0.7,80.81,1.43
2013-03-03,0.95,79.39,1.75
2013-03-04,2.89,70.02,1.93
2013-03-05,4.73,60.36,1.97
2013-03-06,5.17,69.92,1.14
2013-03-07,4.09,84.78,1.47
2013-03-08,3.0,98.02,2.69
2013-03-09,1.01,98.78,1.87
2013-03-10,1.18,95.98,2.9
2013-03-11,-5.27,87.86,3.03
2013-03-12,-5.41,89.83,3.84
2013-03-13,-5.79,82.31,2.13
2013-03-14,-6.17,81.2,1.07
2013-03-15,-3.96,69.31,1.41
2013-03-16,-2.04,65.66,2.6
2013-03-17,2.17,48.71,3.4
2013-03-18,1.1,84.56,2.45
2013-03-19,0.13,92.24,0.88
2013-03-20,0.19,92.2,2.36
2013-03-21,-0.28,84.2,1.41
2013-03-22,-2.8,84.83,3.03
2013-03-23,-4.83,64.56,5.72
2013-03-24,-5.61,51.59,5.9
2013-03-25,-3.96,60.54,5.81
2013-03-26,-2.86,56.37,4.43
2013-03-27,-2.38,65.29,3.76
2013-03-28,-0.21,74.24,2.31
2013-03-29,0.44,79.3,1.72
2013-03-30,-0.22,80.11,1.92
2013-03-31,-1.49,84.66,1.65
2013-04-01,-0.6,70.98,2.09
2013-04-02,-0.1,69.88,4.0
2013-04-03,-0.65,76.73,3.8
2013-04-04,-0.15,80.43,2.68
2013-04-05,0.51,85.35,3.21
2013-04-06,0.46,91.21,1.68
2013-04-07,2.13,69.93,1.51
2013-04-08,2.75,61.87,2.04
2013-04-09,6.31,67.67,1.97
2013-04-10,6.41,83.76,2.62
2013-04-11,10.71,76.61,3.8
2013-04-12,10.48,79.5,2.9
2013-04-13,10.1,68.09,3.57
2013-04-14,11.75,69.46,1.9
2013-04-15,17.18,57.29,2.47
2013-04-16,15.73,68.88,1.23
2013-04-17,16.85,62.57,1.79
2013-04-18,18.15,57.5,2.95
2013-04-19,12.22,48.08,1.49
2013-04-20,7.9,60.75,4.91
2013-04-21,10.87,63.0,2.41
2013-04-22,10.92,73.15,1.07
2013-04-23,13.07,60.34,2.54
2013-04-24,15.55,59.46,1.86
2013-04-25,16.66,61.28,1.23
2013-04-26,16.01,69.09,2.25
2013-04-27,5.84,94.03,3.38
2013-04-28,6.59,80.73,1.85
2013-04-29,10.25,71.9,2.28
2013-04-30,8.29,77.93,2.23
2013-05-01,9.76,82.64,2.7
2013-05-02,10.38,88.98,2.45
2013-05-03,11.57,73.83,2.88
2013-05-04,10.94,83.86,0.97
2013-05-05,14.21,69.15,1.43
2013-05-06,15.01,71.53,2.77
2013-05-07,14.61,93.71,1.83
2013-05-08,17.22,73.28,2.08
2013-05-09,15.89,79.68,2.08
2013-05-10,14.99,69.46,1.67
2013-05-11,12.27,76.4,1.29
2013-05-12,9.56,77.0,2.13
2013-05-13,9.03,79.11,3.22
2013-05-14,13.42,64.97,2.99
2013-05-15,17.26,61.01,2.52
2013-05-16,17.47,73.91,2.22
2013-05-17,17.49,72.21,2.13
2013-05-18,13.32,81.94,2.03
2013-05-19,13.73,83.79,2.87
2013-05-20,12.74,71.46,4.54
2013-05-21,12.39,68.98,2.44
2013-05-22,8.96,83.82,1.82
2013-05-23,8.79,67.33,1.74
2013-05-24,6.9,77.89,1.43
2013-05-25,8.58,78.37,1.39
2013-05-26,7.68,93.32,3.01
2013-05-27,9.13,90.11,2.43
2013-05-28,13.49,71.39,1.38
2013-05-29,11.64,84.47,1.97
2013-05-30,10.14,86.39,2.31
2013-05-31,13.22,96.65,2.49
2013-06-01,12.59,95.16,2.51
2013-06-02,9.18,88.8,2.37
2013-06-03,10.9,75.75,2.04
2013-06-04,13.36,76.77,1.91
2013-06-05,14.92,56.08,2.36
2013-06-06,15.51,68.59,2.02
2013-06-07,17.92,72.39,2.12
2013-06-08,18.62,72.0,1.81
2013-06-09,15.45,87.1,1.88
2013-06-10,13.93,91.82,1.56
2013-06-11,15.57,73.5,1.12
2013-06-12,18.59,65.66,1.64
2013-06-13,20.72,67.81,2.76
2013-06-14,15.11,70.17,1.61
2013-06-15,16.64,68.03,2.49
2013-06-16,17.25,61.83,1.83
2013-06-17,19.75,67.56,2.19
2013-06-18,23.8,72.78,1.5
2013-06-19,27.3,69.07,1.74
2013-06-20,23.84,78.18,2.34
2013-06-21,19.36,68.73,4.16
2013-06-22,18.84,64.34,3.03
2013-06-23,17.89,64.17,2.78
2013-06-24,15.44,69.03,1.8
2013-06-25,12.25,83.93,2.09
2013-06-26,11.4,71.22,2.59
2013-06-27,12.43,77.26,1.47
2013-06-28,13.62,74.15,1.65
2013-06-29,13.65,81.33,2.64
2013-06-30,13.32,66.67,1.73
2013-07-01,19.09,60.08,2.76
2013-07-02,19.62,62.05,1.25
2013-07-03,18.8,72.96,2.69
2013-07-04,19.43,76.24,1.46
2013-07-05,19.48,77.85,1.09
2013-07-06,19.36,71.97,2.26
2013-07-07,19.06,63.77,2.35
2013-07-08,19.47,62.99,2.07
2013-07-09,20.44,64.27,1.95
2013-07-10,18.98,67.7,1.58
2013-07-11,15.99,67.18,1.82
2013-07-12,17.56,64.65,1.79
2013-07-13,17.48,66.3,1.66
2013-07-14,18.01,69.93,1.57
2013-07-15,17.82,65.5,1.58
2013-07-16,19.53,59.13,1.48
2013-07-17,20.26,61.88,1.87
2013-07-18,21.29,63.95,1.97
2013-07-19,21.4,61.86,1.61
2013-07-20,19.19,70.47,1.54
2013-07-21,21.52,59.04,1.63
2013-07-22,23.16,52.92,1.7
2013-07-23,23.71,49.42,1.3
2013-07-24,21.52,67.79,1.76
2013-07-25,21.61,76.15,1.16
2013-07-26,24.5,66.31,1.38
2013-07-27,26.32,63.32,1.54
2013-07-28,25.81,62.83,1.88
2013-07-29,19.65,87.68,1.75
2013-07-30,19.89,67.5,2.65
2013-07-31,20.33,67.32,2.59
2013-08-01,22.48,65.6,1.55
2013-08-02,26.24,54.92,2.33
2013-08-03,25.08,58.45,1.36
2013-08-04,21.13,81.54,1.51
2013-08-05,22.77,75.42,1.56
2013-08-06,22.15,78.44,1.46
2013-08-07,20.4,83.6,1.65
2013-08-08,20.66,75.23,1.31
2013-08-09,16.91,83.84,1.27
2013-08-10,18.57,72.08,1.83
2013-08-11,16.52,58.06,2.17
2013-08-12,16.49,68.71,1.77
2013-08-13,14.36,77.85,1.8
2013-08-14,14.75,65.24,1.6
2013-08-15,15.79,65.47,1.51
2013-08-16,19.0,58.47,1.47
2013-08-17,20.76,58.61,1.4
2013-08-18,19.28,68.32,2.24
2013-08-19,18.17,74.57,1.6
2013-08-20,16.07,72.94,1.92
2013-08-21,16.6,65.44,1.28
2013-08-22,17.54,63.01,1.37
2013-08-23,16.05,73.51,1.52
2013-08-24,18.95,64.27,1.66
2013-08-25,16.66,72.68,2.17
2013-08-26,16.52,67.74,2.93
2013-08-27,16.23,63.37,2.2
2013-08-28,16.29,68.1,1.47
2013-08-29,17.12,63.72,0.92
2013-08-30,17.99,62.49,1.1
2013-08-31,17.81,68.99,1.4
2013-09-01,14.13,65.71,1.91
2013-09-02,15.36,70.74,1.82
2013-09-03,18.73,72.4,1.88
2013-09-04,19.54,74.15,1.27
2013-09-05,20.41,68.81,1.3
2013-09-06,21.51,58.48,1.93
2013-09-07,22.22,57.34,1.54
2013-09-08,18.15,76.91,1.35
2013-09-09,12.93,86.51,1.78
2013-09-10,12.66,75.29,2.72
2013-09-11,11.42,83.61,3.52
2013-09-12,11.49,88.06,1.42
2013-09-13,13.4,86.28,1.54
2013-09-14,13.68,89.9,1.85
2013-09-15,14.07,81.61,1.08
2013-09-16,12.61,81.62,3.48
2013-09-17,9.67,77.82,2.55
2013-09-18,10.43,84.61,1.72
2013-09-19,11.04,77.52,1.84
2013-09-20,12.31,83.64,2.24
2013-09-21,12.76,81.9,1.61
2013-09-22,12.99,82.67,1.32
2013-09-23,15.47,79.2,2.03
2013-09-24,15.27,74.44,1.51
2013-09-25,14.5,80.03,1.05
2013-09-26,12.59,82.98,2.3
2013-09-27,7.92,81.75,1.29
2013-09-28,8.1,76.85,1.99
2013-09-29,10.04,68.69,3.62
2013-09-30,9.04,69.97,3.87
2013-10-01,7.56,70.99,2.97
2013-10-02,7.19,63.4,2.06
2013-10-03,7.71,58.16,2.22
2013-10-04,9.58,55.48,3.24
2013-10-05,11.5,68.57,1.42
2013-10-06,11.69,96.9,1.02
2013-10-07,13.57,86.24,0.97
2013-10-08,13.24,74.96,1.11
2013-10-09,13.51,75.59,2.01
2013-10-10,8.46,93.72,1.4
2013-10-11,6.75,96.4,1.09
2013-10-12,5.28,96.91,1.17
2013-10-13,6.78,82.07,1.74
2013-10-14,7.78,88.02,1.29
2013-10-15,10.19,83.86,2.03
2013-10-16,8.92,82.96,1.58
2013-10-17,10.67,83.83,3.4
2013-10-18,10.34,77.72,1.43
2013-10-19,9.93,81.06,2.23
2013-10-20,15.19,81.11,2.26
2013-10-21,15.38,76.82,2.92
2013-10-22,15.68,75.05,1.96
2013-10-23,16.31,70.27,3.86
2013-10-24,13.98,80.75,2.2
2013-10-25,11.58,88.33,1.5
2013-10-26,17.63,71.23,3.21
2013-10-27,15.16,75.73,5.06
2013-10-28,15.92,63.66,6.2
2013-10-29,11.87,61.59,3.92
2013-10-30,8.21,68.98,2.48
2013-10-31,4.54,78.83,1.57
2013-11-01,6.39,81.02,2.31
2013-11-02,11.78,82.27,3.7
2013-11-03,9.55,77.75,3.19
2013-11-04,8.97,74.71,5.15
2013-11-05,6.41,76.92,3.04
2013-11-06,7.58,80.39,2.33
2013-11-07,13.54,79.65,5.01
2013-11-08,10.79,88.61,2.31
2013-11-09,9.19,72.29,2.85
2013-11-10,5.78,81.55,2.39
2013-11-11,5.01,84.43,1.6
2013-11-12,2.43,88.78,1.47
2013-11-13,5.09,88.3,0.99
2013-11-14,0.82,94.29,1.51
2013-11-15,1.66,93.64,1.66
2013-11-16,2.76,86.83,1.26
2013-11-17,0.43,99.2,1.12
2013-11-18,4.39,90.59,1.09
2013-11-19,5.24,90.64,1.34
2013-11-20,2.57,95.95,1.65
2013-11-21,1.8,94.87,2.85
2013-11-22,2.47,99.66,3.35
2013-11-23,4.13,100.0,2.74
2013-11-24,2.72,87.3,1.64
2013-11-25,-0.2,77.01,1.79
2013-11-26,-0.83,82.01,1.04
2013-11-27,-1.95,85.58,1.01
2013-11-28,3.26,92.41,2.04
2013-11-29,4.22,82.89,3.65
2013-11-30,3.84,85.96,2.0
2013-12-01,4.67,85.12,1.78
2013-12-02,4.11,84.49,1.24
2013-12-03,-0.89,91.5,0.76
2013-12-04,-0.33,89.39,1.47
2013-12-05,2.61,81.25,4.73
2013-12-06,1.19,73.55,3.55
2013-12-07,1.49,80.64,2.14
2013-12-08,5.27,80.57,3.27
2013-12-09,7.86,80.04,2.74
2013-12-10,7.37,95.48,1.06
2013-12-11,3.54,98.67,1.21
2013-12-12,0.83,99.27,0.97
2013-12-13,0.01,95.83,0.97
2013-12-14,0.14,91.67,1.19
2013-12-15,3.1,83.66,2.36
2013-12-16,5.54,62.71,2.72
2013-12-17,4.58,66.81,1.35
2013-12-18,2.27,76.96,1.55
2013-12-19,5.25,73.55,2.85
2013-12-20,4.67,83.45,1.63
2013-12-21,3.28,75.62,3.63
2013-12-22,9.18,72.07,5.37
2013-12-23,7.18,81.62,2.81
2013-12-24,9.69,56.29,4.64
2013-12-25,7.51,71.85,1.65
2013-12-26,5.29,98.08,1.38
2013-12-27,5.84,73.44,3.62
2013-12-28,8.23,71.25,3.37
2013-12-29,5.18,80.91,3.13
2013-12-30,1.12,83.39,1.79
2013-12-31,2.13,74.98,2.3
2014-01-01,2.09,74.13,2.5
2014-01-02,4.98,77.96,2.61
2014-01-03,6.36,81.31,2.89
2014-01-04,7.03,74.61,1.92
2014-01-05,5.8,82.31,1.5
2014-01-06,5.63,75.64,3.38
2014-01-07,9.75,72.96,3.69
2014-01-08,9.76,74.74,2.59
2014-01-09,8.61,79.46,3.39
2014-01-10,5.46,69.8,2.47
2014-01-11,3.34,82.63,2.44
2014-01-12,2.48,72.78,1.8
2014-01-13,0.8,88.3,1.12
2014-01-14,2.43,97.43,0.78
2014-01-15,2.74,87.86,1.67
2014-01-16,4.13,88.39,2.21
2014-01-17,5.88,83.92,1.97
2014-01-18,3.5,88.35,1.87
2014-01-19,1.8,99.25,1.72
2014-01-20,-0.71,99.92,3.2
2014-01-21,-1.26,97.41,1.29
2014-01-22,-1.57,97.0,2.46
2014-01-23,-2.83,93.91,1.89
2014-01-24,-3.15,95.87,2.51
2014-01-25,-7.65,91.55,2.59
2014-01-26,-7.56,90.54,1.96
2014-01-27,1.16,89.14,1.91
2014-01-28,-0.01,87.83,1.69
2014-01-29,-3.56,90.62,3.16
2014-01-30,-1.04,77.28,1.83
2014-01-31,-0.95,84.07,1.16
2014-02-01,3.67,80.13,2.28
2014-02-02,2.57,95.32,0.87
2014-02-03,0.57,92.85,1.56
2014-02-04,1.74,79.65,2.44
2014-02-05,1.36,79.05,2.82
2014-02-06,5.61,73.08,3.64
2014-02-07,8.84,56.82,4.88
2014-02-08,5.9,67.65,4.01
2014-02-09,5.45,67.52,4.77
2014-02-10,3.82,67.92,2.35
2014-02-11,4.81,66.75,3.19
2014-02-12,3.49,70.11,2.69
2014-02-13,5.42,73.61,4.18
2014-02-14,5.11,66.51,3.6
2014-02-15,8.83,63.58,3.96
2014-02-16,6.25,75.55,4.59
2014-02-17,4.4,78.07,2.5
2014-02-18,3.0,81.03,1.32
2014-02-19,6.37,75.23,2.13
2014-02-20,5.95,77.63,2.34
2014-02-21,6.2,78.71,2.96
2014-02-22,4.39,74.09,2.82
2014-02-23,4.63,73.61,1.94
2014-02-24,5.72,64.46,1.96
2014-02-25,6.7,62.54,2.16
2014-02-26,7.35,67.16,1.11
2014-02-27,6.9,78.97,1.72
2014-02-28,4.65,75.91,1.88
2014-03-01,4.79,72.84,1.46
2014-03-02,4.05,79.43,1.0
2014-03-03,4.29,75.97,1.56
2014-03-04,5.27,79.51,0.91
2014-03-05,3.58,87.06,1.17
2014-03-06,5.13,85.61,1.01
2014-03-07,4.11,83.1,1.39
2014-03-08,5.61,81.95,1.08
2014-03-09,7.34,73.91,1.08
2014-03-10,8.05,64.8,1.32
2014-03-11,6.14,75.4,1.77
2014-03-12,5.63,73.35,1.19
2014-03-13,7.84,62.86,0.88
2014-03-14,7.79,65.27,1.07
2014-03-15,8.09,64.66,2.65
2014-03-16,9.63,78.26,3.37
2014-03-17,10.11,67.65,1.98
2014-03-18,9.95,69.5,2.51
2014-03-19,10.12,66.63,3.14
2014-03-20,15.14,46.63,3.65
2014-03-21,15.62,47.9,4.94
2014-03-22,9.06,78.84,2.48
2014-03-23,6.14,72.27,1.26
2014-03-24,4.42,77.15,1.43
2014-03-25,2.96,80.7,1.31
2014-03-26,4.08,73.1,2.38
2014-03-27,8.04,63.96,4.09
2014-03-28,5.55,84.94,2.51
2014-03-29,9.13,80.15,1.84
2014-03-30,10.33,72.93,1.32
2014-03-31,10.51,69.97,0.73
2014-04-01,11.47,69.28,1.37
2014-04-02,13.98,59.5,1.56
2014-04-03,14.48,59.45,1.21
2014-04-04,12.8,75.42,2.07
2014-04-05,11.32,78.88,1.36
2014-04-06,13.26,67.69,1.25
2014-04-07,15.0,64.9,1.65
2014-04-08,12.89,58.16,3.24
2014-04-09,8.27,62.87,2.86
2014-04-10,9.09,84.8,1.7
2014-04-11,10.21,81.31,1.31
2014-04-12,11.53,76.36,1.22
2014-04-13,11.8,62.16,1.98
2014-04-14,7.19,73.49,2.55
2014-04-15,4.96,74.62,2.67
2014-04-16,6.04,67.1,2.1
2014-04-17,7.08,56.03,2.3
2014-04-18,5.85,83.58,1.43
2014-04-19,7.39,90.37,1.84
2014-04-20,13.47,70.97,3.43
2014-04-21,10.94,78.56,2.0
2014-04-22,13.51,71.07,1.7
2014-04-23,13.89,69.68,1.44
2014-04-24,13.07,82.53,2.55
2014-04-25,15.11,76.75,2.7
2014-04-26,15.23,72.79,1.54
2014-04-27,12.85,86.62,1.45
2014-04-28,13.07,91.0,1.67
2014-04-29,13.74,76.25,1.22
2014-04-30,14.16,66.49,1.65
2014-05-01,12.32,85.2,1.07
2014-05-02,7.06,94.75,3.53
2014-05-03,6.76,69.25,3.06
2014-05-04,6.55,70.74,1.63
2014-05-05,9.39,67.62,1.54
2014-05-06,13.99,62.57,2.69
2014-05-07,14.57,60.89,2.94
2014-05-08,12.98,70.54,3.16
2014-05-09,14.18,71.18,3.5
2014-05-10,11.44,76.5,3.27
2014-05-11,10.86,71.14,4.08
2014-05-12,11.03,64.78,3.35
2014-05-13,9.72,78.28,1.94
2014-05-14,8.6,74.61,2.79
2014-05-15,9.23,76.24,1.67
2014-05-16,11.94,65.33,2.95
2014-05-17,12.73,67.92,1.98
2014-05-18,10.91,87.65,1.13
2014-05-19,15.6,75.24,1.44
2014-05-20,19.06,61.72,1.21
2014-05-21,21.06,57.61,1.89
2014-05-22,22.68,61.52,1.73
2014-05-23,16.96,71.56,1.54
2014-05-24,15.18,78.14,1.43
2014-05-25,15.8,66.12,1.8
2014-05-26,18.47,61.79,3.76
2014-05-27,15.84,88.07,2.06
2014-05-28,11.1,93.32,1.65
2014-05-29,8.34,91.56,2.57
2014-05-30,11.58,71.22,1.98
2014-05-31,13.66,62.92,1.27
2014-06-01,13.21,64.17,1.75
2014-06-02,14.16,67.75,1.7
2014-06-03,15.36,62.33,1.62
2014-06-04,16.68,65.96,1.6
2014-06-05,15.14,61.9,3.09
2014-06-06,17.67,55.43,1.68
2014-06-07,21.89,55.2,1.75
2014-06-08,25.57,50.71,2.28
2014-06-09,24.53,67.3,2.59
2014-06-10,24.81,68.36,2.29
2014-06-11,21.36,78.43,1.67
2014-06-12,18.75,65.48,2.11
2014-06-13,16.56,63.99,1.55
2014-06-14,13.84,72.61,1.7
2014-06-15,14.49,65.79,1.83
2014-06-16,14.22,69.21,1.32
2014-06-17,15.39,70.27,1.49
2014-06-18,16.94,64.2,1.43
2014-06-19,14.07,75.74,1.58
2014-06-20,13.62,72.99,2.2
2014-06-21,14.13,65.41,2.32
2014-06-22,15.27,64.84,1.71
2014-06-23,14.8,61.25,1.53
2014-06-24,15.03,69.09,1.46
2014-06-25,12.15,83.5,1.38
2014-06-26,13.57,75.06,1.81
2014-06-27,17.02,63.02,1.24
2014-06-28,18.0,74.27,2.51
2014-06-29,15.8,83.97,2.48
2014-06-30,14.68,76.47,1.79
2014-07-01,15.26,63.69,1.33
2014-07-02,16.06,59.48,1.39
2014-07-03,19.2,53.4,1.84
2014-07-04,23.47,44.85,2.13
2014-07-05,22.64,56.2,2.6
2014-07-06,24.31,57.79,2.04
2014-07-07,21.31,67.07,2.21
2014-07-08,17.86,93.37,2.43
2014-07-09,14.55,87.25,2.63
2014-07-10,15.97,88.67,1.28
2014-07-11,17.48,87.56,1.26
2014-07-12,16.85,70.28,1.62
2014-07-13,15.81,82.92,1.99
2014-07-14,20.4,69.1,2.08
2014-07-15,21.04,64.07,1.25
2014-07-16,20.93,66.67,1.14
2014-07-17,22.58,62.1,1.36
2014-07-18,23.16,55.86,1.29
2014-07-19,25.63,51.23,1.22
2014-07-20,26.01,54.12,1.21
2014-07-21,21.23,86.07,1.57
2014-07-22,22.79,65.23,3.74
2014-07-23,22.56,57.89,3.1
2014-07-24,18.87,71.08,3.31
2014-07-25,18.2,84.14,1.28
2014-07-26,19.39,81.57,1.31
2014-07-27,19.74,82.5,1.12
2014-07-28,21.1,80.11,1.83
2014-07-29,20.82,86.71,1.33
2014-07-30,19.28,91.76,1.26
2014-07-31,19.96,68.56,1.37
2014-08-01,20.22,64.23,1.48
2014-08-02,22.41,68.54,1.45
2014-08-03,19.6,90.42,1.3
2014-08-04,19.0,86.55,1.5
2014-08-05,16.98,86.9,1.41
2014-08-06,17.67,76.58,1.2
2014-08-07,18.23,77.55,1.04
2014-08-08,20.04,69.64,1.3
2014-08-09,21.22,63.99,2.38
2014-08-10,20.73,71.26,2.37
2014-08-11,19.02,62.87,2.5
2014-08-12,17.38,60.47,2.78
2014-08-13,15.89,75.73,1.85
2014-08-14,16.25,73.53,2.84
2014-08-15,14.37,83.22,1.58
2014-08-16,14.71,80.27,2.03
2014-08-17,16.07,69.48,3.3
2014-08-18,14.93,71.23,4.1
2014-08-19,14.13,71.76,3.24
2014-08-20,13.59,62.0,1.83
2014-08-21,13.42,66.77,1.35
2014-08-22,13.57,63.52,2.11
2014-08-23,12.66,81.03,1.08
2014-08-24,12.54,74.56,1.92
2014-08-25,13.54,70.71,2.11
2014-08-26,12.49,91.61,1.19
2014-08-27,14.82,73.11,1.19
2014-08-28,15.33,71.32,1.36
2014-08-29,17.33,80.33,1.12
2014-08-30,17.22,78.71,1.65
2014-08-31,14.89,87.09,1.57
2014-09-01,14.57,79.78,2.02
2014-09-02,14.71,86.71,2.29
2014-09-03,14.02,85.52,2.67
2014-09-04,14.62,90.45,1.83
2014-09-05,18.19,85.32,1.33
2014-09-06,19.68,82.04,1.44
2014-09-07,17.75,90.82,1.16
2014-09-08,18.17,84.61,1.12
2014-09-09,15.57,74.64,1.17
2014-09-10,13.93,77.33,1.11
2014-09-11,13.03,87.3,2.42
2014-09-12,13.8,96.64,4.22
2014-09-13,15.06,98.01,1.43
2014-09-14,15.01,93.57,2.14
2014-09-15,17.17,90.43,2.0
2014-09-16,18.36,79.75,1.57
2014-09-17,17.04,78.85,1.31
2014-09-18,16.3,84.06,1.04
2014-09-19,18.02,84.78,1.58
2014-09-20,16.04,94.23,1.09
2014-09-21,13.98,93.72,1.58
2014-09-22,10.54,85.61,2.44
2014-09-23,11.06,73.05,1.76
2014-09-24,8.98,82.65,1.69
2014-09-25,14.03,71.7,1.86
2014-09-26,13.61,84.6,1.36
2014-09-27,15.08,79.58,1.41
2014-09-28,13.46,84.58,1.28
2014-09-29,17.01,77.02,1.74
2014-09-30,17.17,81.77,0.91
2014-10-01,16.4,83.92,0.86
2014-10-02,15.06,85.31,1.02
2014-10-03,13.4,86.79,1.37
2014-10-04,12.07,82.28,1.43
2014-10-05,11.61,78.74,1.24
2014-10-06,11.44,82.08,1.55
2014-10-07,13.58,78.33,3.73
2014-10-08,15.12,79.12,2.39
2014-10-09,19.52,66.58,2.68
2014-10-10,15.69,82.28,1.14
2014-10-11,14.29,94.64,1.21
2014-10-12,13.54,88.5,1.37
2014-10-13,15.41,84.4,1.19
2014-10-14,14.88,81.98,1.54
2014-10-15,13.46,80.54,1.15
2014-10-16,12.89,85.6,1.46
2014-10-17,12.96,87.58,1.13
2014-10-18,12.14,88.26,1.8
2014-10-19,15.94,79.2,3.42
2014-10-20,14.62,71.58,1.83
2014-10-21,10.64,80.28,3.34
2014-10-22,7.24,87.48,3.37
2014-10-23,8.84,88.2,1.7
2014-10-24,9.29,83.73,1.12
2014-10-25,8.41,87.38,1.71
2014-10-26,10.81,85.54,1.55
2014-10-27,8.88,86.0,2.19
2014-10-28,6.01,84.07,1.86
2014-10-29,5.29,84.77,1.03
2014-10-30,7.79,90.8,0.89
2014-10-31,12.05,86.1,1.67
2014-11-01,12.65,82.92,1.49
2014-11-02,11.17,84.3,1.62
2014-11-03,13.65,72.91,3.1
2014-11-04,10.66,73.73,1.58
2014-11-05,8.9,89.8,0.98
2014-11-06,7.85,91.39,1.15
2014-11-07,4.43,93.96,1.91
2014-11-08,7.89,83.37,1.88
2014-11-09,4.01,95.49,1.44
2014-11-10,5.67,94.32,1.34
2014-11-11,5.96,98.74,1.15
2014-11-12,5.53,99.94,0.82
2014-11-13,7.97,96.55,0.69
2014-11-14,9.82,88.07,1.21
2014-11-15,8.6,88.58,0.83
2014-11-16,7.39,89.42,1.86
2014-11-17,6.18,88.55,1.18
2014-11-18,6.94,95.28,4.84
2014-11-19,4.41,96.54,1.55
2014-11-20,4.56,97.59,1.57
2014-11-21,4.8,88.06,1.16
2014-11-22,4.53,86.6,1.87
2014-11-23,6.01,83.48,2.13
2014-11-24,6.61,84.91,1.67
2014-11-25,0.88,99.58,1.17
2014-11-26,0.56,95.28,0.99
2014-11-27,1.94,83.52,1.41
2014-11-28,1.8,85.4,2.23
2014-11-29,1.71,88.22,2.34
2014-11-30,1.46,88.64,1.94
2014-12-01,-1.28,85.36,4.27
2014-12-02,-2.37,84.67,3.17
2014-12-03,-2.93,95.88,2.84
2014-12-04,-0.96,98.51,1.39
2014-12-05,1.42,97.29,0.66
2014-12-06,2.59,92.47,0.72
2014-12-07,2.91,88.61,1.48
2014-12-08,1.99,82.93,1.87
2014-12-09,-1.53,90.0,0.96
2014-12-10,1.62,79.65,4.8
2014-12-11,3.43,82.91,3.79
2014-12-12,6.99,75.64,7.14
2014-12-13,4.46,90.87,1.53
2014-12-14,1.99,95.27,0.98
2014-12-15,4.94,84.85,2.38
2014-12-16,5.1,86.14,1.5
2014-12-17,2.87,85.17,3.25
2014-12-18,9.27,84.14,3.63
2014-12-19,10.1,78.8,5.02
2014-12-20,4.84,73.99,3.26
2014-12-21,5.0,75.42,3.77
2014-12-22,8.14,76.39,6.35
2014-12-23,10.17,72.31,4.23
2014-12-24,7.41,75.27,4.25
2014-12-25,3.81,77.05,2.75
2014-12-26,0.26,78.87,1.28
2014-12-27,-3.22,77.76,2.74
2014-12-28,-5.69,80.8,3.93
2014-12-29,-2.4,83.74,2.69
2014-12-30,-1.67,93.9,1.89
2014-12-31,1.87,93.33,1.0
2015-01-01,2.72,92.39,1.43
2015-01-02,3.58,79.47,3.33
2015-01-03,2.49,79.2,2.72
2015-01-04,2.55,84.26,2.64
2015-01-05,2.04,77.4,1.97
2015-01-06,0.38,81.28,1.64
2015-01-07,1.91,81.15,1.55
2015-01-08,4.32,83.78,4.04
2015-01-09,7.18,73.25,4.18
2015-01-10,11.28,75.31,3.66
2015-01-11,3.05,69.93,3.32
2015-01-12,5.46,74.15,6.59
2015-01-13,9.47,59.3,6.88
2015-01-14,5.59,74.82,3.79
2015-01-15,4.8,74.1,4.28
2015-01-16,6.48,81.31,2.07
2015-01-17,2.65,91.3,1.1
2015-01-18,-0.61,89.74,1.68
2015-01-19,-0.83,91.12,0.49
2015-01-20,0.3,95.17,1.02
2015-01-21,-0.73,88.32,1.66
2015-01-22,-1.14,94.88,2.55
2015-01-23,-1.66,95.56,1.69
2015-01-24,-0.77,89.2,1.73
2015-01-25,1.12,90.68,2.25
2015-01-26,1.11,93.01,2.2
2015-01-27,2.31,85.07,2.41
2015-01-28,2.67,81.22,4.58
2015-01-29,1.53,78.35,3.59
2015-01-30,1.1,82.52,2.36
2015-01-31,0.07,79.16,2.37
2015-02-01,-1.0,86.56,0.91
2015-02-02,0.61,80.23,1.62
2015-02-03,0.31,77.97,2.11
2015-02-04,-1.78,82.69,1.18
2015-02-05,-2.42,83.05,2.97
2015-02-06,-2.98,79.86,4.6
2015-02-07,-1.64,76.95,1.8
2015-02-08,0.6,65.57,2.47
2015-02-09,2.86,84.71,2.56
2015-02-10,3.98,86.78,1.37
2015-02-11,2.89,81.45,1.39
2015-02-12,-1.07,88.51,1.33
2015-02-13,0.73,79.93,2.28
2015-02-14,1.15,74.3,1.63
2015-02-15,-0.65,86.21,1.53
2015-02-16,2.62,79.59,0.99
2015-02-17,-0.33,89.78,0.84
2015-02-18,1.57,86.67,0.85
2015-02-19,-0.01,80.77,1.98
2015-02-20,3.23,71.9,3.16
2015-02-21,4.45,68.27,3.18
2015-02-22,0.67,82.36,0.9
2015-02-23,1.34,82.33,2.8
2015-02-24,3.61,75.2,3.12
2015-02-25,2.62,74.61,1.53
2015-02-26,2.11,70.98,1.88
2015-02-27,3.5,68.63,1.76
2015-02-28,2.81,73.48,2.11
2015-03-01,4.38,76.05,4.54
2015-03-02,5.31,68.26,2.79
2015-03-03,4.43,62.79,4.38
2015-03-04,3.0,76.24,2.39
2015-03-05,3.63,73.99,1.95
2015-03-06,4.87,71.94,1.52
2015-03-07,5.34,67.53,2.04
2015-03-08,9.02,55.48,2.12
2015-03-09,5.45,79.02,0.98
2015-03-10,4.55,93.07,1.26
2015-03-11,4.5,77.1,1.36
2015-03-12,2.78,84.42,2.24
2015-03-13,0.81,90.25,2.29
2015-03-14,1.91,92.01,2.15
2015-03-15,3.68,87.15,2.99
2015-03-16,6.58,72.76,1.8
2015-03-17,9.0,67.37,1.44
2015-03-18,9.16,61.43,1.47
2015-03-19,6.29,67.19,1.54
2015-03-20,4.47,62.19,0.96
2015-03-21,2.58,77.9,1.32
2015-03-22,0.14,89.02,3.47
2015-03-23,3.63,76.18,0.96
2015-03-24,4.68,78.72,1.26
2015-03-25,8.97,66.04,1.54
2015-03-26,7.03,79.28,1.67
2015-03-27,6.57,72.43,2.54
2015-03-28,7.62,61.31,2.64
2015-03-29,9.7,80.12,5.31
2015-03-30,5.86,68.15,3.1
2015-03-31,6.56,72.33,4.22
2015-04-01,2.68,79.7,3.16
2015-04-02,2.29,82.84,3.33
2015-04-03,3.97,68.34,1.77
2015-04-04,2.31,71.55,1.93
2015-04-05,3.68,65.77,1.47
2015-04-06,4.58,59.52,2.81
2015-04-07,6.07,58.75,1.65
2015-04-08,8.69,70.65,2.05
2015-04-09,11.12,69.83,1.79
2015-04-10,12.67,64.93,1.28
2015-04-11,12.56,63.17,3.2
2015-04-12,11.05,52.91,2.14
2015-04-13,9.85,55.1,1.88
2015-04-14,9.74,62.27,2.15
2015-04-15,17.65,47.44,2.32
2015-04-16,12.32,61.7,2.26
2015-04-17,7.37,59.84,2.41
2015-04-18,6.06,59.75,2.0
2015-04-19,7.12,59.41,1.82
2015-04-20,10.19,57.07,1.95
2015-04-21,13.16,47.95,1.61
2015-04-22,6.78,72.47,1.28
2015-04-23,8.54,71.88,1.36
2015-04-24,12.42,56.71,2.27
2015-04-25,13.45,57.79,2.96
2015-04-26,13.89,75.22,2.23
2015-04-27,10.44,88.56,2.76
2015-04-28,7.0,71.57,1.88
2015-04-29,8.25,57.93,1.6
2015-04-30,9.7,68.23,2.43
2015-05-01,9.32,66.98,1.59
2015-05-02,9.81,59.55,1.28
2015-05-03,11.33,79.41,2.23
2015-05-04,17.07,68.59,2.46
2015-05-05,19.11,67.56,2.99
2015-05-06,15.31,57.5,3.15
2015-05-07,12.56,55.94,2.14
2015-05-08,13.63,58.25,1.81
2015-05-09,15.05,70.11,2.35
2015-05-10,13.78,59.86,1.96
2015-05-11,15.62,56.47,2.1
2015-05-12,19.2,57.13,3.18
2015-05-13,14.61,54.87,2.01
2015-05-14,11.63,61.7,2.11
2015-05-15,11.85,62.39,2.02
2015-05-16,12.04,65.29,1.59
2015-05-17,12.04,54.26,1.83
2015-05-18,14.94,52.95,2.95
2015-05-19,14.71,49.93,2.61
2015-05-20,10.83,66.48,1.19
2015-05-21,11.01,63.07,1.27
2015-05-22,11.97,57.33,1.43
2015-05-23,13.53,65.87,1.76
2015-05-24,14.76,70.11,1.6
2015-05-25,13.81,78.5,1.45
2015-05-26,10.77,69.61,1.6
2015-05-27,10.5,65.37,1.72
2015-05-28,13.0,61.11,3.17
2015-05-29,14.51,65.32,3.33
2015-05-30,11.84,64.47,2.56
2015-05-31,13.99,58.61,3.16
2015-06-01,13.32,82.46,2.58
2015-06-02,17.2,63.65,5.01
2015-06-03,19.84,54.45,2.58
2015-06-04,17.01,56.82,2.11
2015-06-05,22.27,50.69,1.48
2015-06-06,24.01,56.47,1.86
2015-06-07,16.99,62.26,2.4
2015-06-08,13.83,66.31,3.36
2015-06-09,12.97,66.41,3.66
2015-06-10,15.32,65.08,2.99
2015-06-11,16.64,61.73,2.13
2015-06-12,20.76,70.91,1.6
2015-06-13,21.37,72.13,1.64
2015-06-14,19.32,62.04,2.43
2015-06-15,14.62,69.05,2.36
2015-06-16,13.15,59.37,2.6
2015-06-17,14.54,55.94,1.38
2015-06-18,14.98,77.78,1.58
2015-06-19,11.73,76.04,1.72
2015-06-20,12.01,74.07,2.0
2015-06-21,12.94,72.42,2.28
2015-06-22,13.76,79.25,2.56
2015-06-23,10.8,83.98,2.15
2015-06-24,13.32,77.34,1.5
2015-06-25,16.56,64.45,1.24
2015-06-26,18.33,65.3,1.27
2015-06-27,17.35,81.03,1.44
2015-06-28,17.51,61.23,1.78
2015-06-29,20.56,59.13,1.33
2015-06-30,20.66,60.14,1.68
2015-07-01,22.12,53.39,1.96
2015-07-02,25.19,52.53,1.77
2015-07-03,27.32,52.94,1.67
2015-07-04,29.38,50.8,2.0
2015-07-05,28.17,55.36,2.3
2015-07-06,21.68,63.48,1.66
2015-07-07,23.62,59.35,2.24
2015-07-08,18.59,61.7,3.04
2015-07-09,14.65,67.24,2.32
2015-07-10,14.52,56.19,1.86
2015-07-11,18.22,54.92,1.27
2015-07-12,18.23,69.25,1.42
2015-07-13,16.44,82.53,-1248.22
2015-07-14,18.64,81.51,1.96
2015-07-15,20.81,63.22,1.57
2015-07-16,22.53,64.27,1.49
2015-07-17,25.01,55.62,2.04
2015-07-18,24.5,60.13,2.51
2015-07-19,21.13,80.18,2.33
2015-07-20,20.44,74.35,1.85
2015-07-21,24.81,64.08,2.29
2015-07-22,25.28,64.05,1.54
2015-07-23,20.65,67.54,1.26
2015-07-24,21.76,63.25,2.37
2015-07-25,19.8,63.77,5.12
2015-07-26,16.63,50.86,2.23
2015-07-27,16.29,74.36,2.77
2015-07-28,16.82,60.05,2.59
2015-07-29,14.89,64.04,2.94
2015-07-30,14.72,61.25,2.0
2015-07-31,15.33,58.63,1.71
2015-08-01,18.17,54.84,1.33
2015-08-02,21.21,51.61,1.58
2015-08-03,23.5,52.36,1.45
2015-08-04,23.74,59.63,2.12
2015-08-05,20.47,60.83,1.85
2015-08-06,25.32,50.52,1.23
2015-08-07,27.25,50.5,2.08
2015-08-08,24.85,60.21,2.78
2015-08-09,22.52,67.81,2.68
2015-08-10,25.66,58.89,2.42
2015-08-11,24.65,62.41,2.43
2015-08-12,23.08,67.17,2.67
2015-08-13,24.0,67.48,2.85
2015-08-14,24.83,65.75,1.86
2015-08-15,21.78,72.88,1.56
2015-08-16,18.99,87.53,1.06
2015-08-17,16.68,92.91,0.95
2015-08-18,14.95,90.25,0.86
2015-08-19,15.94,80.58,1.62
2015-08-20,15.31,88.96,1.04
2015-08-21,16.86,73.56,1.28
2015-08-22,17.63,60.19,1.88
2015-08-23,18.43,57.9,1.92
2015-08-24,20.2,75.57,2.41
2015-08-25,15.97,71.81,4.67
2015-08-26,19.11,59.68,2.6
2015-08-27,22.52,54.13,2.27
2015-08-28,16.83,91.48,1.18
2015-08-29,19.0,83.52,1.35
2015-08-30,23.89,69.6,1.17
2015-08-31,25.39,64.36,1.17
2015-09-01,20.72,70.49,1.54
2015-09-02,15.52,69.69,1.37
2015-09-03,13.31,86.62,1.25
2015-09-04,12.94,75.71,1.57
2015-09-05,12.64,74.16,2.23
2015-09-06,11.43,76.39,2.84
2015-09-07,12.19,78.13,1.63
2015-09-08,12.78,74.12,1.13
2015-09-09,13.06,71.39,2.46
2015-09-10,11.12,84.03,2.15
2015-09-11,11.74,86.6,1.18
2015-09-12,15.67,74.16,1.64
2015-09-13,19.84,67.43,1.14
2015-09-14,16.01,79.79,2.16
2015-09-15,14.62,67.48,2.9
2015-09-16,16.23,74.1,1.41
2015-09-17,17.19,73.75,3.68
2015-09-18,14.99,71.31,1.98
2015-09-19,13.27,80.64,1.58
2015-09-20,12.73,78.05,1.71
2015-09-21,13.6,74.94,1.41
2015-09-22,12.62,80.34,2.02
2015-09-23,11.9,80.15,2.18
2015-09-24,12.4,77.49,1.98
2015-09-25,11.41,84.54,0.89
2015-09-26,11.96,79.93,1.02
2015-09-27,11.06,74.51,1.41
2015-09-28,9.92,74.01,1.62
2015-09-29,10.46,75.33,2.91
2015-09-30,9.81,69.78,2.49
2015-10-01,8.91,68.77,1.89
2015-10-02,8.97,72.57,1.48
2015-10-03,12.45,71.93,1.07
2015-10-04,12.79,79.49,0.96
2015-10-05,14.23,76.17,1.58
2015-10-06,14.27,83.2,1.8
2015-10-07,14.76,94.32,1.01
2015-10-08,13.78,84.87,1.42
2015-10-09,12.06,89.29,2.38
2015-10-10,6.94,74.06,3.34
2015-10-11,4.04,64.96,2.99
2015-10-12,2.44,75.63,1.46
2015-10-13,2.07,85.04,2.76
2015-10-14,0.76,95.59,1.68
2015-10-15,3.59,96.94,0.84
2015-10-16,6.14,96.52,0.78
2015-10-17,6.64,94.07,0.75
2015-10-18,6.6,89.34,0.85
2015-10-19,5.76,89.86,0.77
2015-10-20,7.57,95.51,0.8
2015-10-21,7.92,87.56,1.34
2015-10-22,8.03,86.89,2.25
2015-10-23,9.92,78.53,1.67
2015-10-24,6.09,89.13,1.78
2015-10-25,9.88,86.33,0.91
2015-10-26,9.96,88.17,1.87
2015-10-27,7.65,87.94,1.43
2015-10-28,6.37,89.41,1.19
2015-10-29,6.9,95.05,0.91
2015-10-30,9.29,90.43,1.43
2015-10-31,8.49,83.28,1.0
2015-11-01,9.43,74.62,1.21
2015-11-02,5.74,82.12,0.9
2015-11-03,4.16,82.07,0.81
2015-11-04,7.12,82.98,0.73
2015-11-05,10.55,85.59,0.81
2015-11-06,11.75,82.95,2.37
2015-11-07,15.64,83.19,2.38
2015-11-08,14.47,74.34,1.54
2015-11-09,15.16,71.54,2.89
2015-11-10,15.09,70.81,3.12
2015-11-11,13.46,76.1,2.45
2015-11-12,11.73,73.65,2.47
2015-11-13,10.68,78.1,3.66
2015-11-14,6.67,76.66,2.62
2015-11-15,10.45,84.88,3.66
2015-11-16,10.85,78.26,2.63
2015-11-17,12.19,79.29,5.76
2015-11-18,13.27,61.93,4.95
2015-11-19,11.31,73.3,3.23
2015-11-20,6.95,83.7,1.56
2015-11-21,3.55,76.74,1.89
2015-11-22,0.84,81.51,1.87
2015-11-23,0.28,85.25,1.74
2015-11-24,0.33,80.37,3.03
2015-11-25,2.16,79.63,2.63
2015-11-26,3.0,87.66,0.83
2015-11-27,-0.73,96.08,1.01
2015-11-28,0.6,85.55,2.7
2015-11-29,5.92,77.92,7.08
2015-11-30,7.65,79.64,2.84
2015-12-01,7.5,82.46,1.55
2015-12-02,9.01,77.21,1.38
2015-12-03,3.64,91.19,1.12
2015-12-04,5.49,82.42,2.89
2015-12-05,5.41,78.01,3.04
2015-12-06,8.23,73.76,4.73
2015-12-07,9.84,80.1,1.72
2015-12-08,4.33,92.88,1.12
2015-12-09,4.44,89.18,1.46
2015-12-10,0.94,90.01,2.07
2015-12-11,3.38,79.75,4.72
2015-12-12,5.56,80.64,2.24
2015-12-13,6.54,78.58,2.74
2015-12-14,3.24,90.45,0.99
2015-12-15,5.24,86.78,1.21
2015-12-16,6.04,89.11,1.52
2015-12-17,10.34,88.19,2.1
2015-12-18,10.15,87.88,1.98
2015-12-19,7.2,91.38,1.39
2015-12-20,8.89,80.46,2.2
2015-12-21,9.0,80.11,3.56
2015-12-22,10.93,73.69,6.79
2015-12-23,9.26,73.62,4.18
2015-12-24,6.92,85.06,2.03
2015-12-25,10.33,80.03,2.5
2015-12-26,12.1,71.88,5.15
2015-12-27,9.11,77.07,2.64
2015-12-28,5.83,87.11,0.84
2015-12-29,3.43,95.09,0.87
2015-12-30,1.97,84.47,2.13
2015-12-31,0.72,72.61,3.11
2016-01-01,0.25,96.15,0.96
2016-01-02,-0.98,92.32,1.99
2016-01-03,-1.58,83.61,2.5
2016-01-04,-2.08,85.47,2.09
2016-01-05,-1.76,94.35,1.84
2016-01-06,-4.46,92.82,2.44
2016-01-07,-0.42,88.52,1.55
2016-01-08,3.9,69.75,3.19
2016-01-09,-0.54,92.39,1.24
2016-01-10,3.93,87.11,2.1
2016-01-11,3.68,93.23,1.53
2016-01-12,4.37,82.06,2.43
2016-01-13,3.17,83.02,3.0
2016-01-14,1.99,78.42,2.29
2016-01-15,0.93,88.2,1.94
2016-01-16,-0.53,84.68,1.7
2016-01-17,-2.16,86.53,1.51
2016-01-18,-4.85,81.04,1.08
2016-01-19,-7.85,81.48,1.18
2016-01-20,-2.58,81.63,1.52
2016-01-21,-3.57,84.56,1.06
2016-01-22,-7.67,76.88,1.91
2016-01-23,1.54,85.0,2.47
2016-01-24,3.12,87.17,1.57
2016-01-25,6.13,93.1,1.28
2016-01-26,8.16,81.0,2.75
2016-01-27,10.71,61.37,6.64
2016-01-28,7.7,67.93,2.62
2016-01-29,4.32,71.84,4.23
2016-01-30,6.73,74.45,6.31
2016-01-31,3.2,78.96,2.76
2016-02-01,10.48,80.3,2.86
2016-02-02,10.21,73.69,5.17
2016-02-03,3.94,75.48,2.29
2016-02-04,2.63,80.36,2.35
2016-02-05,3.87,83.32,2.8
2016-02-06,7.39,75.92,2.9
2016-02-07,6.74,70.31,2.69
2016-02-08,7.11,69.67,6.92
2016-02-09,7.31,71.37,6.78
2016-02-10,3.6,73.45,3.76
2016-02-11,3.74,72.79,2.18
2016-02-12,1.96,77.51,1.19
2016-02-13,0.48,81.95,1.44
2016-02-14,5.26,81.85,2.56
2016-02-15,3.27,84.91,1.19
2016-02-16,-1.32,79.56,2.44
2016-02-17,-1.01,87.93,2.47
2016-02-18,2.24,79.24,1.17
2016-02-19,0.56,78.96,1.22
2016-02-20,3.36,77.86,5.79
2016-02-21,10.42,81.91,4.06
2016-02-22,9.08,76.15,5.19
2016-02-23,1.77,90.31,1.49
2016-02-24,1.63,84.92,1.49
2016-02-25,-0.86,88.39,1.49
2016-02-26,0.22,76.84,0.92
2016-02-27,0.21,73.42,1.89
2016-02-28,-0.13,81.51,2.43
2016-02-29,-0.34,86.22,5.06
2016-03-01,0.12,81.53,1.87
2016-03-02,3.85,80.95,3.58
2016-03-03,2.65,72.25,2.17
2016-03-04,2.63,72.92,3.05
2016-03-05,5.46,72.31,1.43
2016-03-06,3.55,79.6,2.24
2016-03-07,1.82,86.79,1.33
2016-03-08,1.18,83.59,1.03
2016-03-09,1.65,73.81,2.32
2016-03-10,1.01,89.43,1.08
2016-03-11,2.96,91.04,3.32
2016-03-12,1.39,91.54,3.79
2016-03-13,0.8,85.8,3.71
2016-03-14,1.63,75.65,2.54
2016-03-15,1.96,87.31,2.53
2016-03-16,3.78,72.23,4.25
2016-03-17,4.67,70.83,1.18
2016-03-18,4.6,77.28,1.89
2016-03-19,4.28,84.76,1.03
2016-03-20,4.74,74.64,1.63
2016-03-21,5.75,77.82,2.0
2016-03-22,5.21,80.56,1.98
2016-03-23,5.0,81.71,1.16
2016-03-24,5.67,63.47,1.6
2016-03-25,5.84,82.53,2.13
2016-03-26,7.58,78.83,2.29
2016-03-27,7.74,72.05,3.24
2016-03-28,8.25,72.33,3.57
2016-03-29,7.65,68.44,3.91
2016-03-30,7.64,81.59,2.34
2016-03-31,6.13,88.39,3.2
2016-04-01,3.51,86.98,1.57
2016-04-02,8.2,70.13,1.49
2016-04-03,13.25,64.37,1.29
2016-04-04,14.62,68.86,1.08
2016-04-05,13.99,73.3,1.63
2016-04-06,11.62,61.75,3.35
2016-04-07,8.7,65.77,2.67
2016-04-08,8.01,59.02,1.2
2016-04-09,7.76,62.42,1.53
2016-04-10,6.91,70.58,2.3
2016-04-11,7.59,80.43,2.19
2016-04-12,9.74,79.6,1.18
2016-04-13,10.19,81.99,1.41
2016-04-14,9.96,74.88,1.99
2016-04-15,8.95,80.67,3.27
2016-04-16,11.22,72.51,3.74
2016-04-17,7.77,79.39,1.25
2016-04-18,7.17,67.58,1.24
2016-04-19,8.26,62.52,1.83
2016-04-20,7.59,61.73,1.61
2016-04-21,9.37,60.71,1.13
2016-04-22,8.83,60.81,1.43
2016-04-23,4.91,74.08,2.08
2016-04-24,3.44,68.1,2.56
2016-04-25,4.02,66.12,3.46
2016-04-26,4.16,72.32,3.85
2016-04-27,4.11,70.16,6.05
2016-04-28,5.3,66.37,2.79
2016-04-29,7.0,60.41,2.66
2016-04-30,10.09,61.67,2.03
2016-05-01,10.82,67.24,3.73
2016-05-02,11.29,62.18,1.91
2016-05-03,9.76,73.62,1.54
2016-05-04,8.67,64.52,2.32
2016-05-05,12.81,63.41,2.2
2016-05-06,16.5,55.84,2.15
2016-05-07,17.53,46.18,2.62
2016-05-08,17.24,48.37,3.43
2016-05-09,17.62,53.73,2.83
2016-05-10,18.21,54.25,2.39
2016-05-11,17.23,58.02,2.85
2016-05-12,16.69,63.75,3.7
2016-05-13,15.6,65.98,2.33
2016-05-14,9.71,59.58,1.84
2016-05-15,6.98,68.28,2.58
2016-05-16,8.22,61.18,2.22
2016-05-17,9.88,62.4,2.2
2016-05-18,13.45,53.14,2.04
2016-05-19,13.02,68.2,1.21
2016-05-20,15.23,61.79,2.05
2016-05-21,17.66,58.08,1.76
2016-05-22,20.98,52.43,2.04
2016-05-23,14.9,81.92,2.28
2016-05-24,11.67,91.62,2.56
2016-05-25,12.66,83.5,1.11
2016-05-26,15.31,72.58,1.07
2016-05-27,13.96,81.89,1.66
2016-05-28,17.55,77.27,1.64
2016-05-29,18.78,84.88,2.15
2016-05-30,18.09,78.91,2.84
2016-05-31,17.75,73.96,1.51
2016-06-01,17.26,84.29,1.06
2016-06-02,15.89,86.17,0.89
2016-06-03,16.45,88.11,1.69
2016-06-04,18.4,82.9,1.12
2016-06-05,19.66,74.58,1.59
2016-06-06,19.46,71.26,2.36
2016-06-07,19.32,59.88,1.48
2016-06-08,18.46,66.36,1.31
2016-06-09,15.31,73.64,1.5
2016-06-10,16.29,60.98,1.34
2016-06-11,16.05,66.15,0.99
2016-06-12,16.08,80.55,1.54
2016-06-13,16.08,81.9,1.8
2016-06-14,16.04,79.64,2.13
2016-06-15,15.67,76.09,2.41
2016-06-16,14.98,80.99,1.38
2016-06-17,15.19,81.61,2.27
2016-06-18,15.68,74.68,2.68
2016-06-19,15.07,77.41,1.24
2016-06-20,17.15,65.36,1.98
2016-06-21,18.61,69.56,2.39
2016-06-22,21.21,70.96,1.44
2016-06-23,25.61,59.09,2.19
2016-06-24,26.23,57.18,1.69
2016-06-25,22.11,74.92,1.48
2016-06-26,18.04,62.2,1.7
2016-06-27,17.29,62.51,2.12
2016-06-28,17.22,75.87,1.13
2016-06-29,19.65,64.57,3.72
2016-06-30,18.81,67.09,1.77
2016-07-01,21.24,61.9,3.56
2016-07-02,17.02,71.67,1.79
2016-07-03,13.94,72.59,1.93
2016-07-04,15.87,67.1,1.46
2016-07-05,19.42,64.2,2.27
2016-07-06,15.71,59.64,2.44
2016-07-07,16.67,57.6,1.24
2016-07-08,20.31,57.41,2.2
2016-07-09,20.05,60.57,1.82
2016-07-10,23.41,57.56,2.3
2016-07-11,24.72,54.57,2.99
2016-07-12,20.1,59.5,2.08
2016-07-13,16.48,80.09,1.2
2016-07-14,14.15,77.0,1.82
2016-07-15,14.21,71.32,2.1
2016-07-16,17.39,65.06,1.39
2016-07-17,19.54,79.22,1.85
2016-07-18,21.41,61.74,1.89
2016-07-19,22.31,58.71,1.8
2016-07-20,24.02,56.53,1.5
2016-07-21,19.71,81.44,1.98
2016-07-22,22.12,72.85,1.94
2016-07-23,20.23,77.27,1.42
2016-07-24,22.49,70.59,1.24
2016-07-25,22.99,70.55,1.26
2016-07-26,21.52,77.15,1.35
2016-07-27,20.76,78.48,1.5
2016-07-28,20.68,63.8,2.18
2016-07-29,19.33,76.39,2.23
2016-07-30,20.67,69.26,2.28
2016-07-31,19.31,71.35,1.24
2016-08-01,17.22,63.02,1.98
2016-08-02,15.45,80.33,2.2
2016-08-03,18.2,86.32,2.72
2016-08-04,19.77,80.46,1.95
2016-08-05,17.19,78.09,1.6
2016-08-06,17.73,67.74,1.66
2016-08-07,19.42,60.8,1.91
2016-08-08,21.03,60.63,2.64
2016-08-09,16.77,62.52,1.34
2016-08-10,12.49,73.29,1.2
2016-08-11,12.63,62.38,1.8
2016-08-12,14.78,87.5,1.95
2016-08-13,20.83,67.1,2.56
2016-08-14,19.05,66.55,1.37
2016-08-15,17.04,67.74,2.04
2016-08-16,16.55,62.22,1.54
2016-08-17,14.51,69.82,1.76
2016-08-18,15.92,60.01,1.23
2016-08-19,18.76,59.77,1.68
2016-08-20,19.74,71.78,1.95
2016-08-21,17.31,67.48,2.31
2016-08-22,18.07,66.72,2.1
2016-08-23,21.68,63.72,1.69
2016-08-24,22.99,60.86,1.37
2016-08-25,24.17,52.09,1.86
2016-08-26,25.83,44.42,2.1
2016-08-27,24.74,54.24,1.57
2016-08-28,24.52,56.36,2.05
2016-08-29,20.71,64.9,1.92
2016-08-30,16.95,60.0,1.63
2016-08-31,18.28,52.43,1.26
2016-09-01,19.44,55.44,0.95
2016-09-02,19.56,61.5,1.03
2016-09-03,20.57,59.15,1.77
2016-09-04,17.67,76.47,2.15
2016-09-05,15.96,82.83,1.83
2016-09-06,17.28,76.64,1.48
2016-09-07,17.75,74.62,1.28
2016-09-08,20.85,68.68,1.61
2016-09-09,20.9,68.16,1.08
2016-09-10,20.8,69.58,0.99
2016-09-11,21.47,67.58,0.97
2016-09-12,23.21,60.77,1.12
2016-09-13,23.37,58.33,1.23
2016-09-14,22.3,60.66,1.86
2016-09-15,21.4,56.7,2.51
2016-09-16,18.2,76.81,0.98
2016-09-17,15.02,93.57,1.8
2016-09-18,14.27,84.16,3.18
2016-09-19,12.98,83.48,1.98
2016-09-20,12.94,73.03,1.23
2016-09-21,11.47,81.84,0.94
2016-09-22,12.61,82.07,1.02
2016-09-23,14.7,70.88,1.22
2016-09-24,14.23,75.41,0.92
2016-09-25,14.57,74.1,1.23
2016-09-26,13.91,83.03,0.8
2016-09-27,15.68,81.12,0.9
2016-09-28,15.98,73.84,2.37
2016-09-29,18.99,62.29,3.98
2016-09-30,14.29,81.79,1.44
2016-10-01,13.1,91.47,1.5
2016-10-02,13.24,71.12,2.82
2016-10-03,10.73,86.01,2.21
2016-10-04,10.83,78.45,3.47
2016-10-05,7.2,84.0,2.33
2016-10-06,8.03,94.88,2.74
2016-10-07,8.65,89.33,1.9
2016-10-08,7.93,88.51,1.28
2016-10-09,7.85,82.46,1.14
2016-10-10,6.85,87.78,0.77
2016-10-11,6.47,90.34,1.03
2016-10-12,6.03,94.0,2.7
2016-10-13,6.79,90.09,3.23
2016-10-14,8.21,82.47,2.2
2016-10-15,10.49,84.4,1.42
2016-10-16,12.12,84.34,0.98
2016-10-17,10.55,88.84,0.98
2016-10-18,11.73,89.68,0.98
2016-10-19,8.76,82.62,2.36
2016-10-20,6.47,85.22,1.36
2016-10-21,6.0,88.51,1.22
2016-10-22,5.77,90.67,1.14
2016-10-23,6.49,89.3,1.09
2016-10-24,7.53,94.28,1.51
2016-10-25,8.07,97.08,0.72
2016-10-28,11.98,80.61,1.48
2016-10-29,9.89,78.35,2.06
2016-10-30,8.42,87.77,1.72
2016-10-31,7.39,92.83,1.06
2016-11-01,7.84,83.82,1.36
2016-11-02,6.49,81.24,2.21
2016-11-03,4.27,85.48,1.52
2016-11-04,4.45,84.05,1.81
2016-11-05,6.61,88.11,1.73
2016-11-06,4.62,82.8,1.73
2016-11-07,2.21,93.22,0.97
2016-11-08,1.94,90.4,1.79
2016-11-09,0.8,84.38,2.07
2016-11-10,1.59,92.96,1.3
2016-11-11,1.16,92.97,3.31
2016-11-12,-0.37,85.66,2.17
2016-11-13,-0.17,73.93,1.39
2016-11-14,-1.53,79.28,1.03
2016-11-15,1.38,85.37,2.03
2016-11-16,6.19,94.81,2.41
2016-11-17,10.22,77.37,4.66
2016-11-18,10.24,73.54,6.35
2016-11-19,5.85,82.55,2.37
2016-11-20,7.89,67.06,3.28
2016-11-21,9.42,63.79,1.86
2016-11-22,9.85,77.03,1.56
2016-11-23,6.55,90.05,0.67
2016-11-24,5.71,98.34,2.71
2016-11-25,2.95,89.57,2.96
2016-11-26,0.9,96.85,1.05
2016-11-27,2.84,89.83,1.62
2016-11-28,-0.7,77.09,1.62
2016-11-29,-3.52,84.08,0.94
2016-11-30,-1.04,72.48,1.28
2016-12-01,4.99,79.78,2.78
2016-12-02,3.48,79.63,1.97
2016-12-03,-2.4,87.89,0.66
2016-12-04,-4.09,89.92,0.81
2016-12-05,-3.83,83.69,0.7
2016-12-06,-4.51,86.37,0.65
2016-12-07,-3.18,86.87,1.2
2016-12-08,3.56,72.57,1.44
2016-12-09,5.82,81.02,1.35
2016-12-10,7.09,78.3,1.68
2016-12-11,6.73,79.76,3.05
2016-12-12,5.47,89.13,2.07
2016-12-13,3.75,92.96,1.19
2016-12-14,4.7,92.9,0.79
2016-12-15,2.89,91.94,1.86
2016-12-16,0.15,79.4,2.14
2016-12-17,-1.24,86.71,0.64
2016-12-18,2.81,91.12,1.23
2016-12-19,2.49,89.45,1.19
2016-12-20,-0.62,86.87,1.43
2016-12-21,-1.67,83.27,1.44
2016-12-22,-0.01,86.63,2.06
2016-12-23,1.25,90.03,1.57
2016-12-24,4.54,80.47,3.03
2016-12-25,7.8,78.59,2.67
2016-12-26,7.53,75.52,3.43
2016-12-27,5.25,72.53,3.07
2016-12-28,4.89,84.07,2.56
2016-12-29,2.68,90.38,0.84
2016-12-30,-1.71,92.93,1.14
2016-12-31,-2.49,74.36,0.8
2017-01-01,-4.82,75.7,1.23
